delivery_hour,price,supply_mwh,demand_mwh,source_endpoint
2026-06-01 00:00:00+03:00,0.0,13750.4,,https://seffaflik.epias.com.tr/electricity-service/v1/markets/dam/data/supply-demand-chart-data
2026-06-01 00:00:00+03:00,0.01,13754.6,,https://seffaflik.epias.com.tr/electricity-service/v1/markets/dam/data/supply-demand-chart-data
2026-06-01 00:00:00+03:00,0.1,13754.6,,https://seffaflik.epias.com.tr/electricity-service/v1/markets/dam/data/supply-demand-chart-data
2026-06-01 00:00:00+03:00,0.11,13755.9,,https://seffaflik.epias.com.tr/electricity-service/v1/markets/dam/data/supply-demand-chart-data
2026-06-01 00:00:00+03:00,0.2,13755.91,,https://seffaflik.epias.com.tr/electricity-service/v1/markets/dam/data/supply-demand-chart-data
2026-06-01 00:00:00+03:00,1.0,13755.93,,https://seffaflik.epias.com.tr/electricity-service/v1/markets/dam/data/supply-demand-chart-data
2026-06-01 00:00:00+03:00,1.01,13755.93,,https://seffaflik.epias.com.tr/electricity-service/v1/markets/dam/data/supply-demand-chart-data
2026-06-01 00:00:00+03:00,5.0,13756.03,,https://seffaflik.epias.com.tr/electricity-service/v1/markets/dam/data/supply-demand-chart-data
2026-06-01 00:00:00+03:00,5.01,13756.03,,https://seffaflik.epias.com.tr/electricity-service/v1/markets/dam/data/supply-demand-chart-data
2026-06-01 00:00:00+03:00,9.9,13756.16,,https://seffaflik.epias.com.tr/electricity-service/v1/markets/dam/data/supply-demand-chart-data
2026-06-01 00:00:00+03:00,9.91,13756.16,,https://seffaflik.epias.com.tr/electricity-service/v1/markets/dam/data/supply-demand-chart-data
2026-06-01 00:00:00+03:00,10.0,13756.16,,https://seffaflik.epias.com.tr/electricity-service/v1/markets/dam/data/supply-demand-chart-data
2026-06-01 00:00:00+03:00,10.01,13756.16,,https://seffaflik.epias.com.tr/electricity-service/v1/markets/dam/data/supply-demand-chart-data
2026-06-01 00:00:00+03:00,19.99,13756.42,,https://seffaflik.epias.com.tr/electricity-service/v1/markets/dam/data/supply-demand-chart-data
2026-06-01 00:00:00+03:00,20.0,14126.42,,https://seffaflik.epias.com.tr/electricity-service/v1/markets/dam/data/supply-demand-chart-data
2026-06-01 00:00:00+03:00,20.01,14126.42,,https://seffaflik.epias.com.tr/electricity-service/v1/markets/dam/data/supply-demand-chart-data
2026-06-01 00:00:00+03:00,30.0,14126.68,,https://seffaflik.epias.com.tr/electricity-service/v1/markets/dam/data/supply-demand-chart-data
2026-06-01 00:00:00+03:00,30.01,14126.68,,https://seffaflik.epias.com.tr/electricity-service/v1/markets/dam/data/supply-demand-chart-data
2026-06-01 00:00:00+03:00,33.99,14126.78,,https://seffaflik.epias.com.tr/electricity-service/v1/markets/dam/data/supply-demand-chart-data
2026-06-01 00:00:00+03:00,34.0,14126.78,,https://seffaflik.epias.com.tr/electricity-service/v1/markets/dam/data/supply-demand-chart-data
2026-06-01 00:00:00+03:00,35.0,14126.81,,https://seffaflik.epias.com.tr/electricity-service/v1/markets/dam/data/supply-demand-chart-data
2026-06-01 00:00:00+03:00,35.01,14126.81,,https://seffaflik.epias.com.tr/electricity-service/v1/markets/dam/data/supply-demand-chart-data
2026-06-01 00:00:00+03:00,40.0,14126.94,,https://seffaflik.epias.com.tr/electricity-service/v1/markets/dam/data/supply-demand-chart-data
2026-06-01 00:00:00+03:00,40.01,14126.94,,https://seffaflik.epias.com.tr/electricity-service/v1/markets/dam/data/supply-demand-chart-data
2026-06-01 00:00:00+03:00,45.0,14127.07,,https://seffaflik.epias.com.tr/electricity-service/v1/markets/dam/data/supply-demand-chart-data
2026-06-01 00:00:00+03:00,45.01,14127.07,,https://seffaflik.epias.com.tr/electricity-service/v1/markets/dam/data/supply-demand-chart-data
2026-06-01 00:00:00+03:00,49.0,14127.17,,https://seffaflik.epias.com.tr/electricity-service/v1/markets/dam/data/supply-demand-chart-data
2026-06-01 00:00:00+03:00,49.01,14127.17,,https://seffaflik.epias.com.tr/electricity-service/v1/markets/dam/data/supply-demand-chart-data
2026-06-01 00:00:00+03:00,49.99,14127.2,,https://seffaflik.epias.com.tr/electricity-service/v1/markets/dam/data/supply-demand-chart-data
2026-06-01 00:00:00+03:00,50.0,14127.2,,https://seffaflik.epias.com.tr/electricity-service/v1/markets/dam/data/supply-demand-chart-data
2026-06-01 00:00:00+03:00,50.01,14127.2,,https://seffaflik.epias.com.tr/electricity-service/v1/markets/dam/data/supply-demand-chart-data
2026-06-01 00:00:00+03:00,55.0,14127.33,,https://seffaflik.epias.com.tr/electricity-service/v1/markets/dam/data/supply-demand-chart-data
2026-06-01 00:00:00+03:00,55.01,14127.33,,https://seffaflik.epias.com.tr/electricity-service/v1/markets/dam/data/supply-demand-chart-data
2026-06-01 00:00:00+03:00,60.0,14127.46,,https://seffaflik.epias.com.tr/electricity-service/v1/markets/dam/data/supply-demand-chart-data
2026-06-01 00:00:00+03:00,60.01,14127.46,,https://seffaflik.epias.com.tr/electricity-service/v1/markets/dam/data/supply-demand-chart-data
2026-06-01 00:00:00+03:00,79.99,14127.98,,https://seffaflik.epias.com.tr/electricity-service/v1/markets/dam/data/supply-demand-chart-data
2026-06-01 00:00:00+03:00,80.0,14127.98,,https://seffaflik.epias.com.tr/electricity-service/v1/markets/dam/data/supply-demand-chart-data
2026-06-01 00:00:00+03:00,80.01,14127.98,,https://seffaflik.epias.com.tr/electricity-service/v1/markets/dam/data/supply-demand-chart-data
2026-06-01 00:00:00+03:00,95.0,14128.37,,https://seffaflik.epias.com.tr/electricity-service/v1/markets/dam/data/supply-demand-chart-data
2026-06-01 00:00:00+03:00,95.01,14128.37,,https://seffaflik.epias.com.tr/electricity-service/v1/markets/dam/data/supply-demand-chart-data
2026-06-01 00:00:00+03:00,98.99,14128.47,,https://seffaflik.epias.com.tr/electricity-service/v1/markets/dam/data/supply-demand-chart-data
2026-06-01 00:00:00+03:00,99.0,14128.47,,https://seffaflik.epias.com.tr/electricity-service/v1/markets/dam/data/supply-demand-chart-data
2026-06-01 00:00:00+03:00,99.47,14128.49,,https://seffaflik.epias.com.tr/electricity-service/v1/markets/dam/data/supply-demand-chart-data
2026-06-01 00:00:00+03:00,99.48,14128.49,,https://seffaflik.epias.com.tr/electricity-service/v1/markets/dam/data/supply-demand-chart-data
2026-06-01 00:00:00+03:00,99.99,14128.5,,https://seffaflik.epias.com.tr/electricity-service/v1/markets/dam/data/supply-demand-chart-data
2026-06-01 00:00:00+03:00,100.0,14148.5,,https://seffaflik.epias.com.tr/electricity-service/v1/markets/dam/data/supply-demand-chart-data
2026-06-01 00:00:00+03:00,100.01,14150.2,,https://seffaflik.epias.com.tr/electricity-service/v1/markets/dam/data/supply-demand-chart-data
2026-06-01 00:00:00+03:00,100.1,14150.2,,https://seffaflik.epias.com.tr/electricity-service/v1/markets/dam/data/supply-demand-chart-data
2026-06-01 00:00:00+03:00,120.0,14150.72,,https://seffaflik.epias.com.tr/electricity-service/v1/markets/dam/data/supply-demand-chart-data
2026-06-01 00:00:00+03:00,120.01,14150.72,,https://seffaflik.epias.com.tr/electricity-service/v1/markets/dam/data/supply-demand-chart-data
2026-06-01 00:00:00+03:00,128.0,14150.93,,https://seffaflik.epias.com.tr/electricity-service/v1/markets/dam/data/supply-demand-chart-data
2026-06-01 00:00:00+03:00,128.01,14189.93,,https://seffaflik.epias.com.tr/electricity-service/v1/markets/dam/data/supply-demand-chart-data
2026-06-01 00:00:00+03:00,139.99,14190.24,,https://seffaflik.epias.com.tr/electricity-service/v1/markets/dam/data/supply-demand-chart-data
2026-06-01 00:00:00+03:00,140.0,14190.24,,https://seffaflik.epias.com.tr/electricity-service/v1/markets/dam/data/supply-demand-chart-data
2026-06-01 00:00:00+03:00,149.99,14190.5,,https://seffaflik.epias.com.tr/electricity-service/v1/markets/dam/data/supply-demand-chart-data
2026-06-01 00:00:00+03:00,150.0,14242.5,,https://seffaflik.epias.com.tr/electricity-service/v1/markets/dam/data/supply-demand-chart-data
2026-06-01 00:00:00+03:00,161.0,14242.79,,https://seffaflik.epias.com.tr/electricity-service/v1/markets/dam/data/supply-demand-chart-data
2026-06-01 00:00:00+03:00,161.01,14242.79,,https://seffaflik.epias.com.tr/electricity-service/v1/markets/dam/data/supply-demand-chart-data
2026-06-01 00:00:00+03:00,164.99,14242.89,,https://seffaflik.epias.com.tr/electricity-service/v1/markets/dam/data/supply-demand-chart-data
2026-06-01 00:00:00+03:00,165.0,14263.39,,https://seffaflik.epias.com.tr/electricity-service/v1/markets/dam/data/supply-demand-chart-data
2026-06-01 00:00:00+03:00,166.99,14263.44,,https://seffaflik.epias.com.tr/electricity-service/v1/markets/dam/data/supply-demand-chart-data
2026-06-01 00:00:00+03:00,167.0,14282.44,,https://seffaflik.epias.com.tr/electricity-service/v1/markets/dam/data/supply-demand-chart-data
2026-06-01 00:00:00+03:00,169.0,14282.49,,https://seffaflik.epias.com.tr/electricity-service/v1/markets/dam/data/supply-demand-chart-data
2026-06-01 00:00:00+03:00,169.01,14282.49,,https://seffaflik.epias.com.tr/electricity-service/v1/markets/dam/data/supply-demand-chart-data
2026-06-01 00:00:00+03:00,169.8,14282.51,,https://seffaflik.epias.com.tr/electricity-service/v1/markets/dam/data/supply-demand-chart-data
2026-06-01 00:00:00+03:00,169.9,14411.52,,https://seffaflik.epias.com.tr/electricity-service/v1/markets/dam/data/supply-demand-chart-data
2026-06-01 00:00:00+03:00,169.91,14473.52,,https://seffaflik.epias.com.tr/electricity-service/v1/markets/dam/data/supply-demand-chart-data
2026-06-01 00:00:00+03:00,169.99,14473.52,,https://seffaflik.epias.com.tr/electricity-service/v1/markets/dam/data/supply-demand-chart-data
2026-06-01 00:00:00+03:00,170.0,14510.02,,https://seffaflik.epias.com.tr/electricity-service/v1/markets/dam/data/supply-demand-chart-data
2026-06-01 00:00:00+03:00,170.01,14529.13,,https://seffaflik.epias.com.tr/electricity-service/v1/markets/dam/data/supply-demand-chart-data
2026-06-01 00:00:00+03:00,170.02,14529.13,,https://seffaflik.epias.com.tr/electricity-service/v1/markets/dam/data/supply-demand-chart-data
2026-06-01 00:00:00+03:00,170.03,14529.14,,https://seffaflik.epias.com.tr/electricity-service/v1/markets/dam/data/supply-demand-chart-data
2026-06-01 00:00:00+03:00,170.04,14529.15,,https://seffaflik.epias.com.tr/electricity-service/v1/markets/dam/data/supply-demand-chart-data
2026-06-01 00:00:00+03:00,170.06,14529.16,,https://seffaflik.epias.com.tr/electricity-service/v1/markets/dam/data/supply-demand-chart-data
2026-06-01 00:00:00+03:00,170.07,14529.17,,https://seffaflik.epias.com.tr/electricity-service/v1/markets/dam/data/supply-demand-chart-data
2026-06-01 00:00:00+03:00,170.08,14529.18,,https://seffaflik.epias.com.tr/electricity-service/v1/markets/dam/data/supply-demand-chart-data
2026-06-01 00:00:00+03:00,170.09,14529.19,,https://seffaflik.epias.com.tr/electricity-service/v1/markets/dam/data/supply-demand-chart-data
2026-06-01 00:00:00+03:00,170.1,14529.19,,https://seffaflik.epias.com.tr/electricity-service/v1/markets/dam/data/supply-demand-chart-data
2026-06-01 00:00:00+03:00,170.99,14529.85,,https://seffaflik.epias.com.tr/electricity-service/v1/markets/dam/data/supply-demand-chart-data
2026-06-01 00:00:00+03:00,171.0,14540.16,,https://seffaflik.epias.com.tr/electricity-service/v1/markets/dam/data/supply-demand-chart-data
2026-06-01 00:00:00+03:00,171.01,14836.16,,https://seffaflik.epias.com.tr/electricity-service/v1/markets/dam/data/supply-demand-chart-data
2026-06-01 00:00:00+03:00,172.0,14836.89,,https://seffaflik.epias.com.tr/electricity-service/v1/markets/dam/data/supply-demand-chart-data
2026-06-01 00:00:00+03:00,172.01,14836.9,,https://seffaflik.epias.com.tr/electricity-service/v1/markets/dam/data/supply-demand-chart-data
2026-06-01 00:00:00+03:00,174.99,14839.09,,https://seffaflik.epias.com.tr/electricity-service/v1/markets/dam/data/supply-demand-chart-data
2026-06-01 00:00:00+03:00,175.0,14879.6,,https://seffaflik.epias.com.tr/electricity-service/v1/markets/dam/data/supply-demand-chart-data
2026-06-01 00:00:00+03:00,175.01,14879.61,,https://seffaflik.epias.com.tr/electricity-service/v1/markets/dam/data/supply-demand-chart-data
2026-06-01 00:00:00+03:00,176.0,14880.34,,https://seffaflik.epias.com.tr/electricity-service/v1/markets/dam/data/supply-demand-chart-data
2026-06-01 00:00:00+03:00,176.1,14893.41,,https://seffaflik.epias.com.tr/electricity-service/v1/markets/dam/data/supply-demand-chart-data
2026-06-01 00:00:00+03:00,177.0,14894.07,,https://seffaflik.epias.com.tr/electricity-service/v1/markets/dam/data/supply-demand-chart-data
2026-06-01 00:00:00+03:00,177.01,14894.08,,https://seffaflik.epias.com.tr/electricity-service/v1/markets/dam/data/supply-demand-chart-data
2026-06-01 00:00:00+03:00,180.0,14896.28,,https://seffaflik.epias.com.tr/electricity-service/v1/markets/dam/data/supply-demand-chart-data
2026-06-01 00:00:00+03:00,180.01,14896.28,,https://seffaflik.epias.com.tr/electricity-service/v1/markets/dam/data/supply-demand-chart-data
2026-06-01 00:00:00+03:00,185.0,14896.41,,https://seffaflik.epias.com.tr/electricity-service/v1/markets/dam/data/supply-demand-chart-data
2026-06-01 00:00:00+03:00,185.1,14896.41,,https://seffaflik.epias.com.tr/electricity-service/v1/markets/dam/data/supply-demand-chart-data
2026-06-01 00:00:00+03:00,189.99,14896.54,,https://seffaflik.epias.com.tr/electricity-service/v1/markets/dam/data/supply-demand-chart-data
2026-06-01 00:00:00+03:00,190.0,14929.24,,https://seffaflik.epias.com.tr/electricity-service/v1/markets/dam/data/supply-demand-chart-data
2026-06-01 00:00:00+03:00,190.01,14948.64,,https://seffaflik.epias.com.tr/electricity-service/v1/markets/dam/data/supply-demand-chart-data
2026-06-01 00:00:00+03:00,195.0,14948.77,,https://seffaflik.epias.com.tr/electricity-service/v1/markets/dam/data/supply-demand-chart-data
2026-06-01 00:00:00+03:00,195.01,14970.67,,https://seffaflik.epias.com.tr/electricity-service/v1/markets/dam/data/supply-demand-chart-data
2026-06-01 00:00:00+03:00,196.0,14970.7,,https://seffaflik.epias.com.tr/electricity-service/v1/markets/dam/data/supply-demand-chart-data
2026-06-01 00:00:00+03:00,196.01,14970.7,,https://seffaflik.epias.com.tr/electricity-service/v1/markets/dam/data/supply-demand-chart-data
2026-06-01 00:00:00+03:00,198.0,14970.75,,https://seffaflik.epias.com.tr/electricity-service/v1/markets/dam/data/supply-demand-chart-data
2026-06-01 00:00:00+03:00,198.84,14971.27,,https://seffaflik.epias.com.tr/electricity-service/v1/markets/dam/data/supply-demand-chart-data
2026-06-01 00:00:00+03:00,198.85,14990.28,,https://seffaflik.epias.com.tr/electricity-service/v1/markets/dam/data/supply-demand-chart-data
2026-06-01 00:00:00+03:00,199.0,14990.37,,https://seffaflik.epias.com.tr/electricity-service/v1/markets/dam/data/supply-demand-chart-data
2026-06-01 00:00:00+03:00,199.01,14990.38,,https://seffaflik.epias.com.tr/electricity-service/v1/markets/dam/data/supply-demand-chart-data
2026-06-01 00:00:00+03:00,199.99,14990.99,,https://seffaflik.epias.com.tr/electricity-service/v1/markets/dam/data/supply-demand-chart-data
2026-06-01 00:00:00+03:00,200.0,15038.3,,https://seffaflik.epias.com.tr/electricity-service/v1/markets/dam/data/supply-demand-chart-data
2026-06-01 00:00:00+03:00,200.01,15161.9,,https://seffaflik.epias.com.tr/electricity-service/v1/markets/dam/data/supply-demand-chart-data
2026-06-01 00:00:00+03:00,204.99,15162.03,,https://seffaflik.epias.com.tr/electricity-service/v1/markets/dam/data/supply-demand-chart-data
2026-06-01 00:00:00+03:00,205.0,15202.03,,https://seffaflik.epias.com.tr/electricity-service/v1/markets/dam/data/supply-demand-chart-data
2026-06-01 00:00:00+03:00,205.01,15202.03,,https://seffaflik.epias.com.tr/electricity-service/v1/markets/dam/data/supply-demand-chart-data
2026-06-01 00:00:00+03:00,207.0,15202.08,,https://seffaflik.epias.com.tr/electricity-service/v1/markets/dam/data/supply-demand-chart-data
2026-06-01 00:00:00+03:00,207.01,15267.18,,https://seffaflik.epias.com.tr/electricity-service/v1/markets/dam/data/supply-demand-chart-data
2026-06-01 00:00:00+03:00,210.0,15267.26,,https://seffaflik.epias.com.tr/electricity-service/v1/markets/dam/data/supply-demand-chart-data
2026-06-01 00:00:00+03:00,211.0,15349.29,,https://seffaflik.epias.com.tr/electricity-service/v1/markets/dam/data/supply-demand-chart-data
2026-06-01 00:00:00+03:00,215.63,15349.41,,https://seffaflik.epias.com.tr/electricity-service/v1/markets/dam/data/supply-demand-chart-data
2026-06-01 00:00:00+03:00,215.64,15349.41,,https://seffaflik.epias.com.tr/electricity-service/v1/markets/dam/data/supply-demand-chart-data
2026-06-01 00:00:00+03:00,219.99,15349.52,,https://seffaflik.epias.com.tr/electricity-service/v1/markets/dam/data/supply-demand-chart-data
2026-06-01 00:00:00+03:00,220.0,15349.52,,https://seffaflik.epias.com.tr/electricity-service/v1/markets/dam/data/supply-demand-chart-data
2026-06-01 00:00:00+03:00,220.01,15358.72,,https://seffaflik.epias.com.tr/electricity-service/v1/markets/dam/data/supply-demand-chart-data
2026-06-01 00:00:00+03:00,222.99,15358.8,,https://seffaflik.epias.com.tr/electricity-service/v1/markets/dam/data/supply-demand-chart-data
2026-06-01 00:00:00+03:00,223.0,15402.2,,https://seffaflik.epias.com.tr/electricity-service/v1/markets/dam/data/supply-demand-chart-data
2026-06-01 00:00:00+03:00,224.99,15402.25,,https://seffaflik.epias.com.tr/electricity-service/v1/markets/dam/data/supply-demand-chart-data
2026-06-01 00:00:00+03:00,225.0,15414.25,,https://seffaflik.epias.com.tr/electricity-service/v1/markets/dam/data/supply-demand-chart-data
2026-06-01 00:00:00+03:00,228.99,15414.35,,https://seffaflik.epias.com.tr/electricity-service/v1/markets/dam/data/supply-demand-chart-data
2026-06-01 00:00:00+03:00,229.0,15414.35,,https://seffaflik.epias.com.tr/electricity-service/v1/markets/dam/data/supply-demand-chart-data
2026-06-01 00:00:00+03:00,229.99,15414.38,,https://seffaflik.epias.com.tr/electricity-service/v1/markets/dam/data/supply-demand-chart-data
2026-06-01 00:00:00+03:00,230.0,15414.38,,https://seffaflik.epias.com.tr/electricity-service/v1/markets/dam/data/supply-demand-chart-data
2026-06-01 00:00:00+03:00,234.9,15414.51,,https://seffaflik.epias.com.tr/electricity-service/v1/markets/dam/data/supply-demand-chart-data
2026-06-01 00:00:00+03:00,234.91,15414.51,,https://seffaflik.epias.com.tr/electricity-service/v1/markets/dam/data/supply-demand-chart-data
2026-06-01 00:00:00+03:00,236.99,15414.56,,https://seffaflik.epias.com.tr/electricity-service/v1/markets/dam/data/supply-demand-chart-data
2026-06-01 00:00:00+03:00,237.0,15414.56,,https://seffaflik.epias.com.tr/electricity-service/v1/markets/dam/data/supply-demand-chart-data
2026-06-01 00:00:00+03:00,240.0,15414.64,,https://seffaflik.epias.com.tr/electricity-service/v1/markets/dam/data/supply-demand-chart-data
2026-06-01 00:00:00+03:00,240.01,15414.64,,https://seffaflik.epias.com.tr/electricity-service/v1/markets/dam/data/supply-demand-chart-data
2026-06-01 00:00:00+03:00,245.0,15414.77,,https://seffaflik.epias.com.tr/electricity-service/v1/markets/dam/data/supply-demand-chart-data
2026-06-01 00:00:00+03:00,247.99,15417.57,,https://seffaflik.epias.com.tr/electricity-service/v1/markets/dam/data/supply-demand-chart-data
2026-06-01 00:00:00+03:00,248.0,15417.58,,https://seffaflik.epias.com.tr/electricity-service/v1/markets/dam/data/supply-demand-chart-data
2026-06-01 00:00:00+03:00,248.01,15417.59,,https://seffaflik.epias.com.tr/electricity-service/v1/markets/dam/data/supply-demand-chart-data
2026-06-01 00:00:00+03:00,249.99,15419.44,,https://seffaflik.epias.com.tr/electricity-service/v1/markets/dam/data/supply-demand-chart-data
2026-06-01 00:00:00+03:00,250.0,15422.45,,https://seffaflik.epias.com.tr/electricity-service/v1/markets/dam/data/supply-demand-chart-data
2026-06-01 00:00:00+03:00,250.01,15450.86,,https://seffaflik.epias.com.tr/electricity-service/v1/markets/dam/data/supply-demand-chart-data
2026-06-01 00:00:00+03:00,251.0,15451.79,,https://seffaflik.epias.com.tr/electricity-service/v1/markets/dam/data/supply-demand-chart-data
2026-06-01 00:00:00+03:00,251.01,15466.1,,https://seffaflik.epias.com.tr/electricity-service/v1/markets/dam/data/supply-demand-chart-data
2026-06-01 00:00:00+03:00,255.0,15469.83,,https://seffaflik.epias.com.tr/electricity-service/v1/markets/dam/data/supply-demand-chart-data
2026-06-01 00:00:00+03:00,255.99,15469.86,,https://seffaflik.epias.com.tr/electricity-service/v1/markets/dam/data/supply-demand-chart-data
2026-06-01 00:00:00+03:00,256.0,15469.86,,https://seffaflik.epias.com.tr/electricity-service/v1/markets/dam/data/supply-demand-chart-data
2026-06-01 00:00:00+03:00,259.9,15469.96,,https://seffaflik.epias.com.tr/electricity-service/v1/markets/dam/data/supply-demand-chart-data
2026-06-01 00:00:00+03:00,260.0,15489.36,,https://seffaflik.epias.com.tr/electricity-service/v1/markets/dam/data/supply-demand-chart-data
2026-06-01 00:00:00+03:00,277.0,15489.8,,https://seffaflik.epias.com.tr/electricity-service/v1/markets/dam/data/supply-demand-chart-data
2026-06-01 00:00:00+03:00,277.01,15489.8,,https://seffaflik.epias.com.tr/electricity-service/v1/markets/dam/data/supply-demand-chart-data
2026-06-01 00:00:00+03:00,279.67,15489.87,,https://seffaflik.epias.com.tr/electricity-service/v1/markets/dam/data/supply-demand-chart-data
2026-06-01 00:00:00+03:00,279.68,15489.87,,https://seffaflik.epias.com.tr/electricity-service/v1/markets/dam/data/supply-demand-chart-data
2026-06-01 00:00:00+03:00,280.0,15489.88,,https://seffaflik.epias.com.tr/electricity-service/v1/markets/dam/data/supply-demand-chart-data
2026-06-01 00:00:00+03:00,285.0,15490.21,,https://seffaflik.epias.com.tr/electricity-service/v1/markets/dam/data/supply-demand-chart-data
2026-06-01 00:00:00+03:00,285.01,15490.21,,https://seffaflik.epias.com.tr/electricity-service/v1/markets/dam/data/supply-demand-chart-data
2026-06-01 00:00:00+03:00,295.99,15490.94,,https://seffaflik.epias.com.tr/electricity-service/v1/markets/dam/data/supply-demand-chart-data
2026-06-01 00:00:00+03:00,296.0,15490.94,,https://seffaflik.epias.com.tr/electricity-service/v1/markets/dam/data/supply-demand-chart-data
2026-06-01 00:00:00+03:00,299.99,15491.2,,https://seffaflik.epias.com.tr/electricity-service/v1/markets/dam/data/supply-demand-chart-data
2026-06-01 00:00:00+03:00,300.0,15676.1,,https://seffaflik.epias.com.tr/electricity-service/v1/markets/dam/data/supply-demand-chart-data
2026-06-01 00:00:00+03:00,300.01,15702.7,,https://seffaflik.epias.com.tr/electricity-service/v1/markets/dam/data/supply-demand-chart-data
2026-06-01 00:00:00+03:00,301.0,15702.76,,https://seffaflik.epias.com.tr/electricity-service/v1/markets/dam/data/supply-demand-chart-data
2026-06-01 00:00:00+03:00,301.01,15702.77,,https://seffaflik.epias.com.tr/electricity-service/v1/markets/dam/data/supply-demand-chart-data
2026-06-01 00:00:00+03:00,302.99,15703.09,,https://seffaflik.epias.com.tr/electricity-service/v1/markets/dam/data/supply-demand-chart-data
2026-06-01 00:00:00+03:00,303.0,15713.29,,https://seffaflik.epias.com.tr/electricity-service/v1/markets/dam/data/supply-demand-chart-data
2026-06-01 00:00:00+03:00,303.01,15733.19,,https://seffaflik.epias.com.tr/electricity-service/v1/markets/dam/data/supply-demand-chart-data
2026-06-01 00:00:00+03:00,303.63,15733.3,,https://seffaflik.epias.com.tr/electricity-service/v1/markets/dam/data/supply-demand-chart-data
2026-06-01 00:00:00+03:00,303.64,15733.3,,https://seffaflik.epias.com.tr/electricity-service/v1/markets/dam/data/supply-demand-chart-data
2026-06-01 00:00:00+03:00,303.99,15733.35,,https://seffaflik.epias.com.tr/electricity-service/v1/markets/dam/data/supply-demand-chart-data
2026-06-01 00:00:00+03:00,304.0,15780.86,,https://seffaflik.epias.com.tr/electricity-service/v1/markets/dam/data/supply-demand-chart-data
2026-06-01 00:00:00+03:00,305.0,15781.02,,https://seffaflik.epias.com.tr/electricity-service/v1/markets/dam/data/supply-demand-chart-data
2026-06-01 00:00:00+03:00,305.01,15781.02,,https://seffaflik.epias.com.tr/electricity-service/v1/markets/dam/data/supply-demand-chart-data
2026-06-01 00:00:00+03:00,309.99,15781.84,,https://seffaflik.epias.com.tr/electricity-service/v1/markets/dam/data/supply-demand-chart-data
2026-06-01 00:00:00+03:00,310.0,15782.54,,https://seffaflik.epias.com.tr/electricity-service/v1/markets/dam/data/supply-demand-chart-data
2026-06-01 00:00:00+03:00,310.01,15791.94,,https://seffaflik.epias.com.tr/electricity-service/v1/markets/dam/data/supply-demand-chart-data
2026-06-01 00:00:00+03:00,310.99,15792.1,,https://seffaflik.epias.com.tr/electricity-service/v1/markets/dam/data/supply-demand-chart-data
2026-06-01 00:00:00+03:00,311.0,15805.6,,https://seffaflik.epias.com.tr/electricity-service/v1/markets/dam/data/supply-demand-chart-data
2026-06-01 00:00:00+03:00,315.0,15806.26,,https://seffaflik.epias.com.tr/electricity-service/v1/markets/dam/data/supply-demand-chart-data
2026-06-01 00:00:00+03:00,315.01,15856.26,,https://seffaflik.epias.com.tr/electricity-service/v1/markets/dam/data/supply-demand-chart-data
2026-06-01 00:00:00+03:00,319.99,15857.08,,https://seffaflik.epias.com.tr/electricity-service/v1/markets/dam/data/supply-demand-chart-data
2026-06-01 00:00:00+03:00,320.0,15860.18,,https://seffaflik.epias.com.tr/electricity-service/v1/markets/dam/data/supply-demand-chart-data
2026-06-01 00:00:00+03:00,320.01,15881.94,,https://seffaflik.epias.com.tr/electricity-service/v1/markets/dam/data/supply-demand-chart-data
2026-06-01 00:00:00+03:00,321.0,15888.04,,https://seffaflik.epias.com.tr/electricity-service/v1/markets/dam/data/supply-demand-chart-data
2026-06-01 00:00:00+03:00,322.99,15888.37,,https://seffaflik.epias.com.tr/electricity-service/v1/markets/dam/data/supply-demand-chart-data
2026-06-01 00:00:00+03:00,323.0,15888.37,,https://seffaflik.epias.com.tr/electricity-service/v1/markets/dam/data/supply-demand-chart-data
2026-06-01 00:00:00+03:00,324.99,15888.7,,https://seffaflik.epias.com.tr/electricity-service/v1/markets/dam/data/supply-demand-chart-data
2026-06-01 00:00:00+03:00,325.0,15906.2,,https://seffaflik.epias.com.tr/electricity-service/v1/markets/dam/data/supply-demand-chart-data
2026-06-01 00:00:00+03:00,327.0,15906.53,,https://seffaflik.epias.com.tr/electricity-service/v1/markets/dam/data/supply-demand-chart-data
2026-06-01 00:00:00+03:00,327.01,15923.53,,https://seffaflik.epias.com.tr/electricity-service/v1/markets/dam/data/supply-demand-chart-data
2026-06-01 00:00:00+03:00,328.0,15923.69,,https://seffaflik.epias.com.tr/electricity-service/v1/markets/dam/data/supply-demand-chart-data
2026-06-01 00:00:00+03:00,328.01,15923.69,,https://seffaflik.epias.com.tr/electricity-service/v1/markets/dam/data/supply-demand-chart-data
2026-06-01 00:00:00+03:00,329.99,15924.02,,https://seffaflik.epias.com.tr/electricity-service/v1/markets/dam/data/supply-demand-chart-data
2026-06-01 00:00:00+03:00,330.0,15942.02,,https://seffaflik.epias.com.tr/electricity-service/v1/markets/dam/data/supply-demand-chart-data
2026-06-01 00:00:00+03:00,331.5,15942.27,,https://seffaflik.epias.com.tr/electricity-service/v1/markets/dam/data/supply-demand-chart-data
2026-06-01 00:00:00+03:00,331.51,15979.07,,https://seffaflik.epias.com.tr/electricity-service/v1/markets/dam/data/supply-demand-chart-data
2026-06-01 00:00:00+03:00,334.99,15979.64,,https://seffaflik.epias.com.tr/electricity-service/v1/markets/dam/data/supply-demand-chart-data
2026-06-01 00:00:00+03:00,335.0,15979.64,,https://seffaflik.epias.com.tr/electricity-service/v1/markets/dam/data/supply-demand-chart-data
2026-06-01 00:00:00+03:00,339.99,15980.46,,https://seffaflik.epias.com.tr/electricity-service/v1/markets/dam/data/supply-demand-chart-data
2026-06-01 00:00:00+03:00,,16034.6,,https://seffaflik.epias.com.tr/electricity-service/v1/markets/dam/data/supply-demand-chart-data
2026-06-01 00:00:00+03:00,,16036.6,,https://seffaflik.epias.com.tr/electricity-service/v1/markets/dam/data/supply-demand-chart-data
2026-06-01 00:00:00+03:00,340.0,16045.46,,https://seffaflik.epias.com.tr/electricity-service/v1/markets/dam/data/supply-demand-chart-data
2026-06-01 00:00:00+03:00,340.01,16045.46,,https://seffaflik.epias.com.tr/electricity-service/v1/markets/dam/data/supply-demand-chart-data
2026-06-01 00:00:00+03:00,341.41,16045.69,,https://seffaflik.epias.com.tr/electricity-service/v1/markets/dam/data/supply-demand-chart-data
2026-06-01 00:00:00+03:00,341.42,16062.69,,https://seffaflik.epias.com.tr/electricity-service/v1/markets/dam/data/supply-demand-chart-data
2026-06-01 00:00:00+03:00,342.99,16062.95,,https://seffaflik.epias.com.tr/electricity-service/v1/markets/dam/data/supply-demand-chart-data
2026-06-01 00:00:00+03:00,343.0,16062.95,,https://seffaflik.epias.com.tr/electricity-service/v1/markets/dam/data/supply-demand-chart-data
2026-06-01 00:00:00+03:00,347.99,16063.77,,https://seffaflik.epias.com.tr/electricity-service/v1/markets/dam/data/supply-demand-chart-data
2026-06-01 00:00:00+03:00,348.0,16063.77,,https://seffaflik.epias.com.tr/electricity-service/v1/markets/dam/data/supply-demand-chart-data
2026-06-01 00:00:00+03:00,349.67,16064.05,,https://seffaflik.epias.com.tr/electricity-service/v1/markets/dam/data/supply-demand-chart-data
2026-06-01 00:00:00+03:00,,16086.6,,https://seffaflik.epias.com.tr/electricity-service/v1/markets/dam/data/supply-demand-chart-data
2026-06-01 00:00:00+03:00,349.68,16107.05,,https://seffaflik.epias.com.tr/electricity-service/v1/markets/dam/data/supply-demand-chart-data
2026-06-01 00:00:00+03:00,349.98,16107.1,,https://seffaflik.epias.com.tr/electricity-service/v1/markets/dam/data/supply-demand-chart-data
2026-06-01 00:00:00+03:00,349.99,16134.0,,https://seffaflik.epias.com.tr/electricity-service/v1/markets/dam/data/supply-demand-chart-data
2026-06-01 00:00:00+03:00,350.0,16158.2,,https://seffaflik.epias.com.tr/electricity-service/v1/markets/dam/data/supply-demand-chart-data
2026-06-01 00:00:00+03:00,,16174.6,,https://seffaflik.epias.com.tr/electricity-service/v1/markets/dam/data/supply-demand-chart-data
2026-06-01 00:00:00+03:00,,16179.6,,https://seffaflik.epias.com.tr/electricity-service/v1/markets/dam/data/supply-demand-chart-data
2026-06-01 00:00:00+03:00,,16186.6,,https://seffaflik.epias.com.tr/electricity-service/v1/markets/dam/data/supply-demand-chart-data
2026-06-01 00:00:00+03:00,,16189.3,,https://seffaflik.epias.com.tr/electricity-service/v1/markets/dam/data/supply-demand-chart-data
2026-06-01 00:00:00+03:00,,16195.9,,https://seffaflik.epias.com.tr/electricity-service/v1/markets/dam/data/supply-demand-chart-data
2026-06-01 00:00:00+03:00,,16215.9,,https://seffaflik.epias.com.tr/electricity-service/v1/markets/dam/data/supply-demand-chart-data
2026-06-01 00:00:00+03:00,,16222.9,,https://seffaflik.epias.com.tr/electricity-service/v1/markets/dam/data/supply-demand-chart-data
2026-06-01 00:00:00+03:00,,16227.9,,https://seffaflik.epias.com.tr/electricity-service/v1/markets/dam/data/supply-demand-chart-data
2026-06-01 00:00:00+03:00,,16236.5,,https://seffaflik.epias.com.tr/electricity-service/v1/markets/dam/data/supply-demand-chart-data
2026-06-01 00:00:00+03:00,,16243.0,,https://seffaflik.epias.com.tr/electricity-service/v1/markets/dam/data/supply-demand-chart-data
2026-06-01 00:00:00+03:00,350.01,16245.8,,https://seffaflik.epias.com.tr/electricity-service/v1/markets/dam/data/supply-demand-chart-data
2026-06-01 00:00:00+03:00,365.08,16246.19,,https://seffaflik.epias.com.tr/electricity-service/v1/markets/dam/data/supply-demand-chart-data
2026-06-01 00:00:00+03:00,,16248.0,,https://seffaflik.epias.com.tr/electricity-service/v1/markets/dam/data/supply-demand-chart-data
2026-06-01 00:00:00+03:00,,16249.0,,https://seffaflik.epias.com.tr/electricity-service/v1/markets/dam/data/supply-demand-chart-data
2026-06-01 00:00:00+03:00,,16269.0,,https://seffaflik.epias.com.tr/electricity-service/v1/markets/dam/data/supply-demand-chart-data
2026-06-01 00:00:00+03:00,,16282.0,,https://seffaflik.epias.com.tr/electricity-service/v1/markets/dam/data/supply-demand-chart-data
2026-06-01 00:00:00+03:00,,16282.01,,https://seffaflik.epias.com.tr/electricity-service/v1/markets/dam/data/supply-demand-chart-data
2026-06-01 00:00:00+03:00,,16282.01,,https://seffaflik.epias.com.tr/electricity-service/v1/markets/dam/data/supply-demand-chart-data
2026-06-01 00:00:00+03:00,,16282.06,,https://seffaflik.epias.com.tr/electricity-service/v1/markets/dam/data/supply-demand-chart-data
2026-06-01 00:00:00+03:00,,16282.06,,https://seffaflik.epias.com.tr/electricity-service/v1/markets/dam/data/supply-demand-chart-data
2026-06-01 00:00:00+03:00,,16282.17,,https://seffaflik.epias.com.tr/electricity-service/v1/markets/dam/data/supply-demand-chart-data
2026-06-01 00:00:00+03:00,,16282.17,,https://seffaflik.epias.com.tr/electricity-service/v1/markets/dam/data/supply-demand-chart-data
2026-06-01 00:00:00+03:00,,16282.17,,https://seffaflik.epias.com.tr/electricity-service/v1/markets/dam/data/supply-demand-chart-data
2026-06-01 00:00:00+03:00,,16282.25,,https://seffaflik.epias.com.tr/electricity-service/v1/markets/dam/data/supply-demand-chart-data
2026-06-01 00:00:00+03:00,,16282.25,,https://seffaflik.epias.com.tr/electricity-service/v1/markets/dam/data/supply-demand-chart-data
2026-06-01 00:00:00+03:00,,16282.33,,https://seffaflik.epias.com.tr/electricity-service/v1/markets/dam/data/supply-demand-chart-data
2026-06-01 00:00:00+03:00,,16282.33,,https://seffaflik.epias.com.tr/electricity-service/v1/markets/dam/data/supply-demand-chart-data
2026-06-01 00:00:00+03:00,,16282.35,,https://seffaflik.epias.com.tr/electricity-service/v1/markets/dam/data/supply-demand-chart-data
2026-06-01 00:00:00+03:00,,16282.35,,https://seffaflik.epias.com.tr/electricity-service/v1/markets/dam/data/supply-demand-chart-data
2026-06-01 00:00:00+03:00,,16282.5,,https://seffaflik.epias.com.tr/electricity-service/v1/markets/dam/data/supply-demand-chart-data
2026-06-01 00:00:00+03:00,,16282.5,,https://seffaflik.epias.com.tr/electricity-service/v1/markets/dam/data/supply-demand-chart-data
2026-06-01 00:00:00+03:00,,16282.52,,https://seffaflik.epias.com.tr/electricity-service/v1/markets/dam/data/supply-demand-chart-data
2026-06-01 00:00:00+03:00,,16282.52,,https://seffaflik.epias.com.tr/electricity-service/v1/markets/dam/data/supply-demand-chart-data
2026-06-01 00:00:00+03:00,,16282.66,,https://seffaflik.epias.com.tr/electricity-service/v1/markets/dam/data/supply-demand-chart-data
2026-06-01 00:00:00+03:00,,16282.67,,https://seffaflik.epias.com.tr/electricity-service/v1/markets/dam/data/supply-demand-chart-data
2026-06-01 00:00:00+03:00,,16282.67,,https://seffaflik.epias.com.tr/electricity-service/v1/markets/dam/data/supply-demand-chart-data
2026-06-01 00:00:00+03:00,,16282.68,,https://seffaflik.epias.com.tr/electricity-service/v1/markets/dam/data/supply-demand-chart-data
2026-06-01 00:00:00+03:00,,16282.68,,https://seffaflik.epias.com.tr/electricity-service/v1/markets/dam/data/supply-demand-chart-data
2026-06-01 00:00:00+03:00,,16282.83,,https://seffaflik.epias.com.tr/electricity-service/v1/markets/dam/data/supply-demand-chart-data
2026-06-01 00:00:00+03:00,,16282.83,,https://seffaflik.epias.com.tr/electricity-service/v1/markets/dam/data/supply-demand-chart-data
2026-06-01 00:00:00+03:00,,16282.96,,https://seffaflik.epias.com.tr/electricity-service/v1/markets/dam/data/supply-demand-chart-data
2026-06-01 00:00:00+03:00,,16282.96,,https://seffaflik.epias.com.tr/electricity-service/v1/markets/dam/data/supply-demand-chart-data
2026-06-01 00:00:00+03:00,,16283.0,,https://seffaflik.epias.com.tr/electricity-service/v1/markets/dam/data/supply-demand-chart-data
2026-06-01 00:00:00+03:00,,16283.0,,https://seffaflik.epias.com.tr/electricity-service/v1/markets/dam/data/supply-demand-chart-data
2026-06-01 00:00:00+03:00,365.09,16289.19,,https://seffaflik.epias.com.tr/electricity-service/v1/markets/dam/data/supply-demand-chart-data
2026-06-01 00:00:00+03:00,366.06,16289.22,,https://seffaflik.epias.com.tr/electricity-service/v1/markets/dam/data/supply-demand-chart-data
2026-06-01 00:00:00+03:00,366.07,16295.72,,https://seffaflik.epias.com.tr/electricity-service/v1/markets/dam/data/supply-demand-chart-data
2026-06-01 00:00:00+03:00,368.77,16295.79,,https://seffaflik.epias.com.tr/electricity-service/v1/markets/dam/data/supply-demand-chart-data
2026-06-01 00:00:00+03:00,368.78,16299.39,,https://seffaflik.epias.com.tr/electricity-service/v1/markets/dam/data/supply-demand-chart-data
2026-06-01 00:00:00+03:00,369.54,16299.41,,https://seffaflik.epias.com.tr/electricity-service/v1/markets/dam/data/supply-demand-chart-data
2026-06-01 00:00:00+03:00,369.55,16299.41,,https://seffaflik.epias.com.tr/electricity-service/v1/markets/dam/data/supply-demand-chart-data
2026-06-01 00:00:00+03:00,370.0,16299.42,,https://seffaflik.epias.com.tr/electricity-service/v1/markets/dam/data/supply-demand-chart-data
2026-06-01 00:00:00+03:00,370.01,16299.42,,https://seffaflik.epias.com.tr/electricity-service/v1/markets/dam/data/supply-demand-chart-data
2026-06-01 00:00:00+03:00,374.49,16299.54,,https://seffaflik.epias.com.tr/electricity-service/v1/markets/dam/data/supply-demand-chart-data
2026-06-01 00:00:00+03:00,374.5,16299.54,,https://seffaflik.epias.com.tr/electricity-service/v1/markets/dam/data/supply-demand-chart-data
2026-06-01 00:00:00+03:00,375.99,16299.58,,https://seffaflik.epias.com.tr/electricity-service/v1/markets/dam/data/supply-demand-chart-data
2026-06-01 00:00:00+03:00,,16299.7,,https://seffaflik.epias.com.tr/electricity-service/v1/markets/dam/data/supply-demand-chart-data
2026-06-01 00:00:00+03:00,,16316.2,,https://seffaflik.epias.com.tr/electricity-service/v1/markets/dam/data/supply-demand-chart-data
2026-06-01 00:00:00+03:00,,16319.6,,https://seffaflik.epias.com.tr/electricity-service/v1/markets/dam/data/supply-demand-chart-data
2026-06-01 00:00:00+03:00,,16323.8,,https://seffaflik.epias.com.tr/electricity-service/v1/markets/dam/data/supply-demand-chart-data
2026-06-01 00:00:00+03:00,,16324.1,,https://seffaflik.epias.com.tr/electricity-service/v1/markets/dam/data/supply-demand-chart-data
2026-06-01 00:00:00+03:00,376.0,16329.58,,https://seffaflik.epias.com.tr/electricity-service/v1/markets/dam/data/supply-demand-chart-data
2026-06-01 00:00:00+03:00,376.62,16329.59,,https://seffaflik.epias.com.tr/electricity-service/v1/markets/dam/data/supply-demand-chart-data
2026-06-01 00:00:00+03:00,376.63,16331.29,,https://seffaflik.epias.com.tr/electricity-service/v1/markets/dam/data/supply-demand-chart-data
2026-06-01 00:00:00+03:00,393.63,16331.73,,https://seffaflik.epias.com.tr/electricity-service/v1/markets/dam/data/supply-demand-chart-data
2026-06-01 00:00:00+03:00,,16331.75,,https://seffaflik.epias.com.tr/electricity-service/v1/markets/dam/data/supply-demand-chart-data
2026-06-01 00:00:00+03:00,,16332.6,,https://seffaflik.epias.com.tr/electricity-service/v1/markets/dam/data/supply-demand-chart-data
2026-06-01 00:00:00+03:00,,16332.7,,https://seffaflik.epias.com.tr/electricity-service/v1/markets/dam/data/supply-demand-chart-data
2026-06-01 00:00:00+03:00,393.64,16347.73,,https://seffaflik.epias.com.tr/electricity-service/v1/markets/dam/data/supply-demand-chart-data
2026-06-01 00:00:00+03:00,397.99,16347.85,,https://seffaflik.epias.com.tr/electricity-service/v1/markets/dam/data/supply-demand-chart-data
2026-06-01 00:00:00+03:00,398.0,16347.85,,https://seffaflik.epias.com.tr/electricity-service/v1/markets/dam/data/supply-demand-chart-data
2026-06-01 00:00:00+03:00,399.99,16347.9,,https://seffaflik.epias.com.tr/electricity-service/v1/markets/dam/data/supply-demand-chart-data
2026-06-01 00:00:00+03:00,,16348.7,,https://seffaflik.epias.com.tr/electricity-service/v1/markets/dam/data/supply-demand-chart-data
2026-06-01 00:00:00+03:00,,16348.7,,https://seffaflik.epias.com.tr/electricity-service/v1/markets/dam/data/supply-demand-chart-data
2026-06-01 00:00:00+03:00,,16348.7,,https://seffaflik.epias.com.tr/electricity-service/v1/markets/dam/data/supply-demand-chart-data
2026-06-01 00:00:00+03:00,,16348.71,,https://seffaflik.epias.com.tr/electricity-service/v1/markets/dam/data/supply-demand-chart-data
2026-06-01 00:00:00+03:00,,16348.71,,https://seffaflik.epias.com.tr/electricity-service/v1/markets/dam/data/supply-demand-chart-data
2026-06-01 00:00:00+03:00,,16348.78,,https://seffaflik.epias.com.tr/electricity-service/v1/markets/dam/data/supply-demand-chart-data
2026-06-01 00:00:00+03:00,,16348.78,,https://seffaflik.epias.com.tr/electricity-service/v1/markets/dam/data/supply-demand-chart-data
2026-06-01 00:00:00+03:00,,16348.99,,https://seffaflik.epias.com.tr/electricity-service/v1/markets/dam/data/supply-demand-chart-data
2026-06-01 00:00:00+03:00,,16348.99,,https://seffaflik.epias.com.tr/electricity-service/v1/markets/dam/data/supply-demand-chart-data
2026-06-01 00:00:00+03:00,,16349.03,,https://seffaflik.epias.com.tr/electricity-service/v1/markets/dam/data/supply-demand-chart-data
2026-06-01 00:00:00+03:00,,16358.43,,https://seffaflik.epias.com.tr/electricity-service/v1/markets/dam/data/supply-demand-chart-data
2026-06-01 00:00:00+03:00,,16358.43,,https://seffaflik.epias.com.tr/electricity-service/v1/markets/dam/data/supply-demand-chart-data
2026-06-01 00:00:00+03:00,,16358.44,,https://seffaflik.epias.com.tr/electricity-service/v1/markets/dam/data/supply-demand-chart-data
2026-06-01 00:00:00+03:00,,16360.44,,https://seffaflik.epias.com.tr/electricity-service/v1/markets/dam/data/supply-demand-chart-data
2026-06-01 00:00:00+03:00,,16360.44,,https://seffaflik.epias.com.tr/electricity-service/v1/markets/dam/data/supply-demand-chart-data
2026-06-01 00:00:00+03:00,,16360.44,,https://seffaflik.epias.com.tr/electricity-service/v1/markets/dam/data/supply-demand-chart-data
2026-06-01 00:00:00+03:00,,16360.6,,https://seffaflik.epias.com.tr/electricity-service/v1/markets/dam/data/supply-demand-chart-data
2026-06-01 00:00:00+03:00,,16360.6,,https://seffaflik.epias.com.tr/electricity-service/v1/markets/dam/data/supply-demand-chart-data
2026-06-01 00:00:00+03:00,,16360.6,,https://seffaflik.epias.com.tr/electricity-service/v1/markets/dam/data/supply-demand-chart-data
2026-06-01 00:00:00+03:00,,16360.62,,https://seffaflik.epias.com.tr/electricity-service/v1/markets/dam/data/supply-demand-chart-data
2026-06-01 00:00:00+03:00,,16360.62,,https://seffaflik.epias.com.tr/electricity-service/v1/markets/dam/data/supply-demand-chart-data
2026-06-01 00:00:00+03:00,,16360.67,,https://seffaflik.epias.com.tr/electricity-service/v1/markets/dam/data/supply-demand-chart-data
2026-06-01 00:00:00+03:00,,16360.67,,https://seffaflik.epias.com.tr/electricity-service/v1/markets/dam/data/supply-demand-chart-data
2026-06-01 00:00:00+03:00,,16360.76,,https://seffaflik.epias.com.tr/electricity-service/v1/markets/dam/data/supply-demand-chart-data
2026-06-01 00:00:00+03:00,,16360.76,,https://seffaflik.epias.com.tr/electricity-service/v1/markets/dam/data/supply-demand-chart-data
2026-06-01 00:00:00+03:00,,16360.77,,https://seffaflik.epias.com.tr/electricity-service/v1/markets/dam/data/supply-demand-chart-data
2026-06-01 00:00:00+03:00,,16360.77,,https://seffaflik.epias.com.tr/electricity-service/v1/markets/dam/data/supply-demand-chart-data
2026-06-01 00:00:00+03:00,,16360.77,,https://seffaflik.epias.com.tr/electricity-service/v1/markets/dam/data/supply-demand-chart-data
2026-06-01 00:00:00+03:00,,16360.77,,https://seffaflik.epias.com.tr/electricity-service/v1/markets/dam/data/supply-demand-chart-data
2026-06-01 00:00:00+03:00,,16360.77,,https://seffaflik.epias.com.tr/electricity-service/v1/markets/dam/data/supply-demand-chart-data
2026-06-01 00:00:00+03:00,,16360.78,,https://seffaflik.epias.com.tr/electricity-service/v1/markets/dam/data/supply-demand-chart-data
2026-06-01 00:00:00+03:00,,16374.78,,https://seffaflik.epias.com.tr/electricity-service/v1/markets/dam/data/supply-demand-chart-data
2026-06-01 00:00:00+03:00,,16374.85,,https://seffaflik.epias.com.tr/electricity-service/v1/markets/dam/data/supply-demand-chart-data
2026-06-01 00:00:00+03:00,,16374.85,,https://seffaflik.epias.com.tr/electricity-service/v1/markets/dam/data/supply-demand-chart-data
2026-06-01 00:00:00+03:00,,16374.87,,https://seffaflik.epias.com.tr/electricity-service/v1/markets/dam/data/supply-demand-chart-data
2026-06-01 00:00:00+03:00,,16374.87,,https://seffaflik.epias.com.tr/electricity-service/v1/markets/dam/data/supply-demand-chart-data
2026-06-01 00:00:00+03:00,,16374.91,,https://seffaflik.epias.com.tr/electricity-service/v1/markets/dam/data/supply-demand-chart-data
2026-06-01 00:00:00+03:00,,16374.91,,https://seffaflik.epias.com.tr/electricity-service/v1/markets/dam/data/supply-demand-chart-data
2026-06-01 00:00:00+03:00,,16374.91,,https://seffaflik.epias.com.tr/electricity-service/v1/markets/dam/data/supply-demand-chart-data
2026-06-01 00:00:00+03:00,,16378.81,,https://seffaflik.epias.com.tr/electricity-service/v1/markets/dam/data/supply-demand-chart-data
2026-06-01 00:00:00+03:00,,16378.82,,https://seffaflik.epias.com.tr/electricity-service/v1/markets/dam/data/supply-demand-chart-data
2026-06-01 00:00:00+03:00,,16378.82,,https://seffaflik.epias.com.tr/electricity-service/v1/markets/dam/data/supply-demand-chart-data
2026-06-01 00:00:00+03:00,,16378.83,,https://seffaflik.epias.com.tr/electricity-service/v1/markets/dam/data/supply-demand-chart-data
2026-06-01 00:00:00+03:00,,16378.83,,https://seffaflik.epias.com.tr/electricity-service/v1/markets/dam/data/supply-demand-chart-data
2026-06-01 00:00:00+03:00,,16379.0,,https://seffaflik.epias.com.tr/electricity-service/v1/markets/dam/data/supply-demand-chart-data
2026-06-01 00:00:00+03:00,,16394.5,,https://seffaflik.epias.com.tr/electricity-service/v1/markets/dam/data/supply-demand-chart-data
2026-06-01 00:00:00+03:00,400.0,16413.6,,https://seffaflik.epias.com.tr/electricity-service/v1/markets/dam/data/supply-demand-chart-data
2026-06-01 00:00:00+03:00,400.01,16413.69,,https://seffaflik.epias.com.tr/electricity-service/v1/markets/dam/data/supply-demand-chart-data
2026-06-01 00:00:00+03:00,401.0,16422.43,,https://seffaflik.epias.com.tr/electricity-service/v1/markets/dam/data/supply-demand-chart-data
2026-06-01 00:00:00+03:00,401.99,16422.45,,https://seffaflik.epias.com.tr/electricity-service/v1/markets/dam/data/supply-demand-chart-data
2026-06-01 00:00:00+03:00,402.0,16422.45,,https://seffaflik.epias.com.tr/electricity-service/v1/markets/dam/data/supply-demand-chart-data
2026-06-01 00:00:00+03:00,,16423.2,,https://seffaflik.epias.com.tr/electricity-service/v1/markets/dam/data/supply-demand-chart-data
2026-06-01 00:00:00+03:00,449.99,16423.7,,https://seffaflik.epias.com.tr/electricity-service/v1/markets/dam/data/supply-demand-chart-data
2026-06-01 00:00:00+03:00,450.0,16438.7,,https://seffaflik.epias.com.tr/electricity-service/v1/markets/dam/data/supply-demand-chart-data
2026-06-01 00:00:00+03:00,455.99,16438.86,,https://seffaflik.epias.com.tr/electricity-service/v1/markets/dam/data/supply-demand-chart-data
2026-06-01 00:00:00+03:00,456.0,16438.86,,https://seffaflik.epias.com.tr/electricity-service/v1/markets/dam/data/supply-demand-chart-data
2026-06-01 00:00:00+03:00,459.99,16438.96,,https://seffaflik.epias.com.tr/electricity-service/v1/markets/dam/data/supply-demand-chart-data
2026-06-01 00:00:00+03:00,460.0,16438.96,,https://seffaflik.epias.com.tr/electricity-service/v1/markets/dam/data/supply-demand-chart-data
2026-06-01 00:00:00+03:00,469.99,16439.22,,https://seffaflik.epias.com.tr/electricity-service/v1/markets/dam/data/supply-demand-chart-data
2026-06-01 00:00:00+03:00,470.0,16439.22,,https://seffaflik.epias.com.tr/electricity-service/v1/markets/dam/data/supply-demand-chart-data
2026-06-01 00:00:00+03:00,479.99,16439.48,,https://seffaflik.epias.com.tr/electricity-service/v1/markets/dam/data/supply-demand-chart-data
2026-06-01 00:00:00+03:00,480.0,16439.48,,https://seffaflik.epias.com.tr/electricity-service/v1/markets/dam/data/supply-demand-chart-data
2026-06-01 00:00:00+03:00,485.0,16439.61,,https://seffaflik.epias.com.tr/electricity-service/v1/markets/dam/data/supply-demand-chart-data
2026-06-01 00:00:00+03:00,490.0,16439.74,,https://seffaflik.epias.com.tr/electricity-service/v1/markets/dam/data/supply-demand-chart-data
2026-06-01 00:00:00+03:00,490.01,16439.74,,https://seffaflik.epias.com.tr/electricity-service/v1/markets/dam/data/supply-demand-chart-data
2026-06-01 00:00:00+03:00,497.99,16439.95,,https://seffaflik.epias.com.tr/electricity-service/v1/markets/dam/data/supply-demand-chart-data
2026-06-01 00:00:00+03:00,498.0,16439.95,,https://seffaflik.epias.com.tr/electricity-service/v1/markets/dam/data/supply-demand-chart-data
2026-06-01 00:00:00+03:00,499.0,16439.97,,https://seffaflik.epias.com.tr/electricity-service/v1/markets/dam/data/supply-demand-chart-data
2026-06-01 00:00:00+03:00,499.9,16444.05,,https://seffaflik.epias.com.tr/electricity-service/v1/markets/dam/data/supply-demand-chart-data
2026-06-01 00:00:00+03:00,499.99,16461.28,,https://seffaflik.epias.com.tr/electricity-service/v1/markets/dam/data/supply-demand-chart-data
2026-06-01 00:00:00+03:00,,16473.2,,https://seffaflik.epias.com.tr/electricity-service/v1/markets/dam/data/supply-demand-chart-data
2026-06-01 00:00:00+03:00,,16485.0,,https://seffaflik.epias.com.tr/electricity-service/v1/markets/dam/data/supply-demand-chart-data
2026-06-01 00:00:00+03:00,,16485.2,,https://seffaflik.epias.com.tr/electricity-service/v1/markets/dam/data/supply-demand-chart-data
2026-06-01 00:00:00+03:00,,16485.4,,https://seffaflik.epias.com.tr/electricity-service/v1/markets/dam/data/supply-demand-chart-data
2026-06-01 00:00:00+03:00,,16505.4,,https://seffaflik.epias.com.tr/electricity-service/v1/markets/dam/data/supply-demand-chart-data
2026-06-01 00:00:00+03:00,,16515.4,,https://seffaflik.epias.com.tr/electricity-service/v1/markets/dam/data/supply-demand-chart-data
2026-06-01 00:00:00+03:00,500.0,16518.9,,https://seffaflik.epias.com.tr/electricity-service/v1/markets/dam/data/supply-demand-chart-data
2026-06-01 00:00:00+03:00,,16519.2,,https://seffaflik.epias.com.tr/electricity-service/v1/markets/dam/data/supply-demand-chart-data
2026-06-01 00:00:00+03:00,,16533.2,,https://seffaflik.epias.com.tr/electricity-service/v1/markets/dam/data/supply-demand-chart-data
2026-06-01 00:00:00+03:00,,16548.6,,https://seffaflik.epias.com.tr/electricity-service/v1/markets/dam/data/supply-demand-chart-data
2026-06-01 00:00:00+03:00,,16552.8,,https://seffaflik.epias.com.tr/electricity-service/v1/markets/dam/data/supply-demand-chart-data
2026-06-01 00:00:00+03:00,500.01,16568.73,,https://seffaflik.epias.com.tr/electricity-service/v1/markets/dam/data/supply-demand-chart-data
2026-06-01 00:00:00+03:00,,16575.9,,https://seffaflik.epias.com.tr/electricity-service/v1/markets/dam/data/supply-demand-chart-data
2026-06-01 00:00:00+03:00,,16582.9,,https://seffaflik.epias.com.tr/electricity-service/v1/markets/dam/data/supply-demand-chart-data
2026-06-01 00:00:00+03:00,501.0,16591.71,,https://seffaflik.epias.com.tr/electricity-service/v1/markets/dam/data/supply-demand-chart-data
2026-06-01 00:00:00+03:00,513.63,16591.84,,https://seffaflik.epias.com.tr/electricity-service/v1/markets/dam/data/supply-demand-chart-data
2026-06-01 00:00:00+03:00,,16593.7,,https://seffaflik.epias.com.tr/electricity-service/v1/markets/dam/data/supply-demand-chart-data
2026-06-01 00:00:00+03:00,,16607.6,,https://seffaflik.epias.com.tr/electricity-service/v1/markets/dam/data/supply-demand-chart-data
2026-06-01 00:00:00+03:00,513.64,16607.84,,https://seffaflik.epias.com.tr/electricity-service/v1/markets/dam/data/supply-demand-chart-data
2026-06-01 00:00:00+03:00,531.8,16608.99,,https://seffaflik.epias.com.tr/electricity-service/v1/markets/dam/data/supply-demand-chart-data
2026-06-01 00:00:00+03:00,534.0,16609.13,,https://seffaflik.epias.com.tr/electricity-service/v1/markets/dam/data/supply-demand-chart-data
2026-06-01 00:00:00+03:00,550.0,16610.14,,https://seffaflik.epias.com.tr/electricity-service/v1/markets/dam/data/supply-demand-chart-data
2026-06-01 00:00:00+03:00,550.01,16610.14,,https://seffaflik.epias.com.tr/electricity-service/v1/markets/dam/data/supply-demand-chart-data
2026-06-01 00:00:00+03:00,598.99,16613.24,,https://seffaflik.epias.com.tr/electricity-service/v1/markets/dam/data/supply-demand-chart-data
2026-06-01 00:00:00+03:00,599.0,16613.24,,https://seffaflik.epias.com.tr/electricity-service/v1/markets/dam/data/supply-demand-chart-data
2026-06-01 00:00:00+03:00,599.99,16613.31,,https://seffaflik.epias.com.tr/electricity-service/v1/markets/dam/data/supply-demand-chart-data
2026-06-01 00:00:00+03:00,,16613.6,,https://seffaflik.epias.com.tr/electricity-service/v1/markets/dam/data/supply-demand-chart-data
2026-06-01 00:00:00+03:00,600.0,16633.01,,https://seffaflik.epias.com.tr/electricity-service/v1/markets/dam/data/supply-demand-chart-data
2026-06-01 00:00:00+03:00,650.0,16636.17,,https://seffaflik.epias.com.tr/electricity-service/v1/markets/dam/data/supply-demand-chart-data
2026-06-01 00:00:00+03:00,650.01,16636.17,,https://seffaflik.epias.com.tr/electricity-service/v1/markets/dam/data/supply-demand-chart-data
2026-06-01 00:00:00+03:00,653.0,16636.36,,https://seffaflik.epias.com.tr/electricity-service/v1/markets/dam/data/supply-demand-chart-data
2026-06-01 00:00:00+03:00,653.01,16641.36,,https://seffaflik.epias.com.tr/electricity-service/v1/markets/dam/data/supply-demand-chart-data
2026-06-01 00:00:00+03:00,655.99,16641.55,,https://seffaflik.epias.com.tr/electricity-service/v1/markets/dam/data/supply-demand-chart-data
2026-06-01 00:00:00+03:00,656.0,16661.55,,https://seffaflik.epias.com.tr/electricity-service/v1/markets/dam/data/supply-demand-chart-data
2026-06-01 00:00:00+03:00,656.01,16661.55,,https://seffaflik.epias.com.tr/electricity-service/v1/markets/dam/data/supply-demand-chart-data
2026-06-01 00:00:00+03:00,656.02,16661.55,,https://seffaflik.epias.com.tr/electricity-service/v1/markets/dam/data/supply-demand-chart-data
2026-06-01 00:00:00+03:00,670.0,16662.44,,https://seffaflik.epias.com.tr/electricity-service/v1/markets/dam/data/supply-demand-chart-data
2026-06-01 00:00:00+03:00,670.01,16666.04,,https://seffaflik.epias.com.tr/electricity-service/v1/markets/dam/data/supply-demand-chart-data
2026-06-01 00:00:00+03:00,675.99,16666.42,,https://seffaflik.epias.com.tr/electricity-service/v1/markets/dam/data/supply-demand-chart-data
2026-06-01 00:00:00+03:00,676.0,16666.42,,https://seffaflik.epias.com.tr/electricity-service/v1/markets/dam/data/supply-demand-chart-data
2026-06-01 00:00:00+03:00,695.0,16667.62,,https://seffaflik.epias.com.tr/electricity-service/v1/markets/dam/data/supply-demand-chart-data
2026-06-01 00:00:00+03:00,695.01,16667.62,,https://seffaflik.epias.com.tr/electricity-service/v1/markets/dam/data/supply-demand-chart-data
2026-06-01 00:00:00+03:00,699.0,16667.88,,https://seffaflik.epias.com.tr/electricity-service/v1/markets/dam/data/supply-demand-chart-data
2026-06-01 00:00:00+03:00,699.01,16667.98,,https://seffaflik.epias.com.tr/electricity-service/v1/markets/dam/data/supply-demand-chart-data
2026-06-01 00:00:00+03:00,699.99,16668.04,,https://seffaflik.epias.com.tr/electricity-service/v1/markets/dam/data/supply-demand-chart-data
2026-06-01 00:00:00+03:00,,16672.4,,https://seffaflik.epias.com.tr/electricity-service/v1/markets/dam/data/supply-demand-chart-data
2026-06-01 00:00:00+03:00,,16672.5,,https://seffaflik.epias.com.tr/electricity-service/v1/markets/dam/data/supply-demand-chart-data
2026-06-01 00:00:00+03:00,700.0,16676.84,,https://seffaflik.epias.com.tr/electricity-service/v1/markets/dam/data/supply-demand-chart-data
2026-06-01 00:00:00+03:00,,16680.5,,https://seffaflik.epias.com.tr/electricity-service/v1/markets/dam/data/supply-demand-chart-data
2026-06-01 00:00:00+03:00,700.01,16686.04,,https://seffaflik.epias.com.tr/electricity-service/v1/markets/dam/data/supply-demand-chart-data
2026-06-01 00:00:00+03:00,702.0,16686.17,,https://seffaflik.epias.com.tr/electricity-service/v1/markets/dam/data/supply-demand-chart-data
2026-06-01 00:00:00+03:00,702.01,16731.17,,https://seffaflik.epias.com.tr/electricity-service/v1/markets/dam/data/supply-demand-chart-data
2026-06-01 00:00:00+03:00,730.0,16732.94,,https://seffaflik.epias.com.tr/electricity-service/v1/markets/dam/data/supply-demand-chart-data
2026-06-01 00:00:00+03:00,730.01,16732.94,,https://seffaflik.epias.com.tr/electricity-service/v1/markets/dam/data/supply-demand-chart-data
2026-06-01 00:00:00+03:00,745.0,16733.89,,https://seffaflik.epias.com.tr/electricity-service/v1/markets/dam/data/supply-demand-chart-data
2026-06-01 00:00:00+03:00,745.01,16733.89,,https://seffaflik.epias.com.tr/electricity-service/v1/markets/dam/data/supply-demand-chart-data
2026-06-01 00:00:00+03:00,749.99,16734.21,,https://seffaflik.epias.com.tr/electricity-service/v1/markets/dam/data/supply-demand-chart-data
2026-06-01 00:00:00+03:00,750.0,16735.91,,https://seffaflik.epias.com.tr/electricity-service/v1/markets/dam/data/supply-demand-chart-data
2026-06-01 00:00:00+03:00,750.01,16735.91,,https://seffaflik.epias.com.tr/electricity-service/v1/markets/dam/data/supply-demand-chart-data
2026-06-01 00:00:00+03:00,797.99,16738.95,,https://seffaflik.epias.com.tr/electricity-service/v1/markets/dam/data/supply-demand-chart-data
2026-06-01 00:00:00+03:00,798.0,16738.95,,https://seffaflik.epias.com.tr/electricity-service/v1/markets/dam/data/supply-demand-chart-data
2026-06-01 00:00:00+03:00,799.0,16739.01,,https://seffaflik.epias.com.tr/electricity-service/v1/markets/dam/data/supply-demand-chart-data
2026-06-01 00:00:00+03:00,,16740.4,,https://seffaflik.epias.com.tr/electricity-service/v1/markets/dam/data/supply-demand-chart-data
2026-06-01 00:00:00+03:00,799.01,16741.01,,https://seffaflik.epias.com.tr/electricity-service/v1/markets/dam/data/supply-demand-chart-data
2026-06-01 00:00:00+03:00,799.99,16741.07,,https://seffaflik.epias.com.tr/electricity-service/v1/markets/dam/data/supply-demand-chart-data
2026-06-01 00:00:00+03:00,,16790.4,,https://seffaflik.epias.com.tr/electricity-service/v1/markets/dam/data/supply-demand-chart-data
2026-06-01 00:00:00+03:00,,16790.5,,https://seffaflik.epias.com.tr/electricity-service/v1/markets/dam/data/supply-demand-chart-data
2026-06-01 00:00:00+03:00,800.0,16825.77,,https://seffaflik.epias.com.tr/electricity-service/v1/markets/dam/data/supply-demand-chart-data
2026-06-01 00:00:00+03:00,800.01,16856.87,,https://seffaflik.epias.com.tr/electricity-service/v1/markets/dam/data/supply-demand-chart-data
2026-06-01 00:00:00+03:00,813.63,16858.96,,https://seffaflik.epias.com.tr/electricity-service/v1/markets/dam/data/supply-demand-chart-data
2026-06-01 00:00:00+03:00,813.64,16858.96,,https://seffaflik.epias.com.tr/electricity-service/v1/markets/dam/data/supply-demand-chart-data
2026-06-01 00:00:00+03:00,875.99,16865.2,,https://seffaflik.epias.com.tr/electricity-service/v1/markets/dam/data/supply-demand-chart-data
2026-06-01 00:00:00+03:00,876.0,16865.2,,https://seffaflik.epias.com.tr/electricity-service/v1/markets/dam/data/supply-demand-chart-data
2026-06-01 00:00:00+03:00,897.99,16867.4,,https://seffaflik.epias.com.tr/electricity-service/v1/markets/dam/data/supply-demand-chart-data
2026-06-01 00:00:00+03:00,898.0,16867.4,,https://seffaflik.epias.com.tr/electricity-service/v1/markets/dam/data/supply-demand-chart-data
2026-06-01 00:00:00+03:00,899.0,16867.5,,https://seffaflik.epias.com.tr/electricity-service/v1/markets/dam/data/supply-demand-chart-data
2026-06-01 00:00:00+03:00,899.01,16902.4,,https://seffaflik.epias.com.tr/electricity-service/v1/markets/dam/data/supply-demand-chart-data
2026-06-01 00:00:00+03:00,899.99,16902.5,,https://seffaflik.epias.com.tr/electricity-service/v1/markets/dam/data/supply-demand-chart-data
2026-06-01 00:00:00+03:00,900.0,16911.4,,https://seffaflik.epias.com.tr/electricity-service/v1/markets/dam/data/supply-demand-chart-data
2026-06-01 00:00:00+03:00,900.01,16911.4,,https://seffaflik.epias.com.tr/electricity-service/v1/markets/dam/data/supply-demand-chart-data
2026-06-01 00:00:00+03:00,910.0,16912.4,,https://seffaflik.epias.com.tr/electricity-service/v1/markets/dam/data/supply-demand-chart-data
2026-06-01 00:00:00+03:00,910.01,16915.8,,https://seffaflik.epias.com.tr/electricity-service/v1/markets/dam/data/supply-demand-chart-data
2026-06-01 00:00:00+03:00,930.0,16917.8,,https://seffaflik.epias.com.tr/electricity-service/v1/markets/dam/data/supply-demand-chart-data
2026-06-01 00:00:00+03:00,930.01,16936.1,,https://seffaflik.epias.com.tr/electricity-service/v1/markets/dam/data/supply-demand-chart-data
2026-06-01 00:00:00+03:00,943.63,16937.46,,https://seffaflik.epias.com.tr/electricity-service/v1/markets/dam/data/supply-demand-chart-data
2026-06-01 00:00:00+03:00,943.64,16937.46,,https://seffaflik.epias.com.tr/electricity-service/v1/markets/dam/data/supply-demand-chart-data
2026-06-01 00:00:00+03:00,945.0,16937.6,,https://seffaflik.epias.com.tr/electricity-service/v1/markets/dam/data/supply-demand-chart-data
2026-06-01 00:00:00+03:00,945.01,16937.6,,https://seffaflik.epias.com.tr/electricity-service/v1/markets/dam/data/supply-demand-chart-data
2026-06-01 00:00:00+03:00,969.99,16940.1,,https://seffaflik.epias.com.tr/electricity-service/v1/markets/dam/data/supply-demand-chart-data
2026-06-01 00:00:00+03:00,970.0,16940.1,,https://seffaflik.epias.com.tr/electricity-service/v1/markets/dam/data/supply-demand-chart-data
2026-06-01 00:00:00+03:00,990.0,16942.1,,https://seffaflik.epias.com.tr/electricity-service/v1/markets/dam/data/supply-demand-chart-data
2026-06-01 00:00:00+03:00,997.99,16947.93,,https://seffaflik.epias.com.tr/electricity-service/v1/markets/dam/data/supply-demand-chart-data
2026-06-01 00:00:00+03:00,,16952.5,,https://seffaflik.epias.com.tr/electricity-service/v1/markets/dam/data/supply-demand-chart-data
2026-06-01 00:00:00+03:00,998.0,16961.14,,https://seffaflik.epias.com.tr/electricity-service/v1/markets/dam/data/supply-demand-chart-data
2026-06-01 00:00:00+03:00,998.99,16961.86,,https://seffaflik.epias.com.tr/electricity-service/v1/markets/dam/data/supply-demand-chart-data
2026-06-01 00:00:00+03:00,999.0,16961.87,,https://seffaflik.epias.com.tr/electricity-service/v1/markets/dam/data/supply-demand-chart-data
2026-06-01 00:00:00+03:00,999.01,16968.52,,https://seffaflik.epias.com.tr/electricity-service/v1/markets/dam/data/supply-demand-chart-data
2026-06-01 00:00:00+03:00,999.99,16973.15,,https://seffaflik.epias.com.tr/electricity-service/v1/markets/dam/data/supply-demand-chart-data
2026-06-01 00:00:00+03:00,1000.0,16998.2,,https://seffaflik.epias.com.tr/electricity-service/v1/markets/dam/data/supply-demand-chart-data
2026-06-01 00:00:00+03:00,,17011.7,,https://seffaflik.epias.com.tr/electricity-service/v1/markets/dam/data/supply-demand-chart-data
2026-06-01 00:00:00+03:00,1001.0,17023.0,,https://seffaflik.epias.com.tr/electricity-service/v1/markets/dam/data/supply-demand-chart-data
2026-06-01 00:00:00+03:00,1011.01,17028.0,,https://seffaflik.epias.com.tr/electricity-service/v1/markets/dam/data/supply-demand-chart-data
2026-06-01 00:00:00+03:00,,17061.7,,https://seffaflik.epias.com.tr/electricity-service/v1/markets/dam/data/supply-demand-chart-data
2026-06-01 00:00:00+03:00,1180.01,17072.1,,https://seffaflik.epias.com.tr/electricity-service/v1/markets/dam/data/supply-demand-chart-data
2026-06-01 00:00:00+03:00,1200.0,17080.0,,https://seffaflik.epias.com.tr/electricity-service/v1/markets/dam/data/supply-demand-chart-data
2026-06-01 00:00:00+03:00,1230.01,17081.9,,https://seffaflik.epias.com.tr/electricity-service/v1/markets/dam/data/supply-demand-chart-data
2026-06-01 00:00:00+03:00,1250.01,17083.1,,https://seffaflik.epias.com.tr/electricity-service/v1/markets/dam/data/supply-demand-chart-data
2026-06-01 00:00:00+03:00,1275.0,17088.2,,https://seffaflik.epias.com.tr/electricity-service/v1/markets/dam/data/supply-demand-chart-data
2026-06-01 00:00:00+03:00,,17100.3,,https://seffaflik.epias.com.tr/electricity-service/v1/markets/dam/data/supply-demand-chart-data
2026-06-01 00:00:00+03:00,1295.01,17113.2,,https://seffaflik.epias.com.tr/electricity-service/v1/markets/dam/data/supply-demand-chart-data
2026-06-01 00:00:00+03:00,1421.01,17118.2,,https://seffaflik.epias.com.tr/electricity-service/v1/markets/dam/data/supply-demand-chart-data
2026-06-01 00:00:00+03:00,1499.99,17118.2,,https://seffaflik.epias.com.tr/electricity-service/v1/markets/dam/data/supply-demand-chart-data
2026-06-01 00:00:00+03:00,1500.0,17120.5,,https://seffaflik.epias.com.tr/electricity-service/v1/markets/dam/data/supply-demand-chart-data
2026-06-01 00:00:00+03:00,1500.01,17120.5,,https://seffaflik.epias.com.tr/electricity-service/v1/markets/dam/data/supply-demand-chart-data
2026-06-01 00:00:00+03:00,1512.63,17120.54,,https://seffaflik.epias.com.tr/electricity-service/v1/markets/dam/data/supply-demand-chart-data
2026-06-01 00:00:00+03:00,1512.64,17120.54,,https://seffaflik.epias.com.tr/electricity-service/v1/markets/dam/data/supply-demand-chart-data
2026-06-01 00:00:00+03:00,1549.99,17120.63,,https://seffaflik.epias.com.tr/electricity-service/v1/markets/dam/data/supply-demand-chart-data
2026-06-01 00:00:00+03:00,1550.0,17120.63,,https://seffaflik.epias.com.tr/electricity-service/v1/markets/dam/data/supply-demand-chart-data
2026-06-01 00:00:00+03:00,1595.99,17120.75,,https://seffaflik.epias.com.tr/electricity-service/v1/markets/dam/data/supply-demand-chart-data
2026-06-01 00:00:00+03:00,1596.0,17120.75,,https://seffaflik.epias.com.tr/electricity-service/v1/markets/dam/data/supply-demand-chart-data
2026-06-01 00:00:00+03:00,1600.0,17120.76,,https://seffaflik.epias.com.tr/electricity-service/v1/markets/dam/data/supply-demand-chart-data
2026-06-01 00:00:00+03:00,1600.01,17120.76,,https://seffaflik.epias.com.tr/electricity-service/v1/markets/dam/data/supply-demand-chart-data
2026-06-01 00:00:00+03:00,1602.0,17120.77,,https://seffaflik.epias.com.tr/electricity-service/v1/markets/dam/data/supply-demand-chart-data
2026-06-01 00:00:00+03:00,1645.0,17120.88,,https://seffaflik.epias.com.tr/electricity-service/v1/markets/dam/data/supply-demand-chart-data
2026-06-01 00:00:00+03:00,1645.01,17120.88,,https://seffaflik.epias.com.tr/electricity-service/v1/markets/dam/data/supply-demand-chart-data
2026-06-01 00:00:00+03:00,1649.99,17120.89,,https://seffaflik.epias.com.tr/electricity-service/v1/markets/dam/data/supply-demand-chart-data
2026-06-01 00:00:00+03:00,1650.0,17120.89,,https://seffaflik.epias.com.tr/electricity-service/v1/markets/dam/data/supply-demand-chart-data
2026-06-01 00:00:00+03:00,1695.99,17121.01,,https://seffaflik.epias.com.tr/electricity-service/v1/markets/dam/data/supply-demand-chart-data
2026-06-01 00:00:00+03:00,1696.0,17121.01,,https://seffaflik.epias.com.tr/electricity-service/v1/markets/dam/data/supply-demand-chart-data
2026-06-01 00:00:00+03:00,1699.99,17121.61,,https://seffaflik.epias.com.tr/electricity-service/v1/markets/dam/data/supply-demand-chart-data
2026-06-01 00:00:00+03:00,1700.0,17126.61,,https://seffaflik.epias.com.tr/electricity-service/v1/markets/dam/data/supply-demand-chart-data
2026-06-01 00:00:00+03:00,1725.0,17130.34,,https://seffaflik.epias.com.tr/electricity-service/v1/markets/dam/data/supply-demand-chart-data
2026-06-01 00:00:00+03:00,1725.01,17130.34,,https://seffaflik.epias.com.tr/electricity-service/v1/markets/dam/data/supply-demand-chart-data
2026-06-01 00:00:00+03:00,1747.99,17133.77,,https://seffaflik.epias.com.tr/electricity-service/v1/markets/dam/data/supply-demand-chart-data
2026-06-01 00:00:00+03:00,1748.0,17133.77,,https://seffaflik.epias.com.tr/electricity-service/v1/markets/dam/data/supply-demand-chart-data
2026-06-01 00:00:00+03:00,1750.0,17134.07,,https://seffaflik.epias.com.tr/electricity-service/v1/markets/dam/data/supply-demand-chart-data
2026-06-01 00:00:00+03:00,1782.0,17138.85,,https://seffaflik.epias.com.tr/electricity-service/v1/markets/dam/data/supply-demand-chart-data
2026-06-01 00:00:00+03:00,1782.01,17148.85,,https://seffaflik.epias.com.tr/electricity-service/v1/markets/dam/data/supply-demand-chart-data
2026-06-01 00:00:00+03:00,1797.99,17151.23,,https://seffaflik.epias.com.tr/electricity-service/v1/markets/dam/data/supply-demand-chart-data
2026-06-01 00:00:00+03:00,1798.0,17151.23,,https://seffaflik.epias.com.tr/electricity-service/v1/markets/dam/data/supply-demand-chart-data
2026-06-01 00:00:00+03:00,1799.99,17151.53,,https://seffaflik.epias.com.tr/electricity-service/v1/markets/dam/data/supply-demand-chart-data
2026-06-01 00:00:00+03:00,1800.0,17157.73,,https://seffaflik.epias.com.tr/electricity-service/v1/markets/dam/data/supply-demand-chart-data
2026-06-01 00:00:00+03:00,1800.01,17157.73,,https://seffaflik.epias.com.tr/electricity-service/v1/markets/dam/data/supply-demand-chart-data
2026-06-01 00:00:00+03:00,,17164.0,,https://seffaflik.epias.com.tr/electricity-service/v1/markets/dam/data/supply-demand-chart-data
2026-06-01 00:00:00+03:00,1849.99,17165.19,,https://seffaflik.epias.com.tr/electricity-service/v1/markets/dam/data/supply-demand-chart-data
2026-06-01 00:00:00+03:00,1850.0,17165.19,,https://seffaflik.epias.com.tr/electricity-service/v1/markets/dam/data/supply-demand-chart-data
2026-06-01 00:00:00+03:00,1899.99,17172.65,,https://seffaflik.epias.com.tr/electricity-service/v1/markets/dam/data/supply-demand-chart-data
2026-06-01 00:00:00+03:00,1900.0,17172.66,,https://seffaflik.epias.com.tr/electricity-service/v1/markets/dam/data/supply-demand-chart-data
2026-06-01 00:00:00+03:00,1900.01,17172.66,,https://seffaflik.epias.com.tr/electricity-service/v1/markets/dam/data/supply-demand-chart-data
2026-06-01 00:00:00+03:00,1957.63,17181.26,,https://seffaflik.epias.com.tr/electricity-service/v1/markets/dam/data/supply-demand-chart-data
2026-06-01 00:00:00+03:00,1957.64,17181.26,,https://seffaflik.epias.com.tr/electricity-service/v1/markets/dam/data/supply-demand-chart-data
2026-06-01 00:00:00+03:00,1990.0,17186.09,,https://seffaflik.epias.com.tr/electricity-service/v1/markets/dam/data/supply-demand-chart-data
2026-06-01 00:00:00+03:00,1990.01,17186.09,,https://seffaflik.epias.com.tr/electricity-service/v1/markets/dam/data/supply-demand-chart-data
2026-06-01 00:00:00+03:00,1997.99,17187.28,,https://seffaflik.epias.com.tr/electricity-service/v1/markets/dam/data/supply-demand-chart-data
2026-06-01 00:00:00+03:00,1998.0,17187.28,,https://seffaflik.epias.com.tr/electricity-service/v1/markets/dam/data/supply-demand-chart-data
2026-06-01 00:00:00+03:00,1998.99,17187.43,,https://seffaflik.epias.com.tr/electricity-service/v1/markets/dam/data/supply-demand-chart-data
2026-06-01 00:00:00+03:00,1999.0,17187.43,,https://seffaflik.epias.com.tr/electricity-service/v1/markets/dam/data/supply-demand-chart-data
2026-06-01 00:00:00+03:00,1999.01,17187.43,,https://seffaflik.epias.com.tr/electricity-service/v1/markets/dam/data/supply-demand-chart-data
2026-06-01 00:00:00+03:00,1999.99,17187.58,,https://seffaflik.epias.com.tr/electricity-service/v1/markets/dam/data/supply-demand-chart-data
2026-06-01 00:00:00+03:00,2000.0,17187.58,,https://seffaflik.epias.com.tr/electricity-service/v1/markets/dam/data/supply-demand-chart-data
2026-06-01 00:00:00+03:00,,17204.0,,https://seffaflik.epias.com.tr/electricity-service/v1/markets/dam/data/supply-demand-chart-data
2026-06-01 00:00:00+03:00,,17215.2,,https://seffaflik.epias.com.tr/electricity-service/v1/markets/dam/data/supply-demand-chart-data
2026-06-01 00:00:00+03:00,,17217.8,,https://seffaflik.epias.com.tr/electricity-service/v1/markets/dam/data/supply-demand-chart-data
2026-06-01 00:00:00+03:00,,17236.8,,https://seffaflik.epias.com.tr/electricity-service/v1/markets/dam/data/supply-demand-chart-data
2026-06-01 00:00:00+03:00,2000.01,17237.58,,https://seffaflik.epias.com.tr/electricity-service/v1/markets/dam/data/supply-demand-chart-data
2026-06-01 00:00:00+03:00,,17238.3,,https://seffaflik.epias.com.tr/electricity-service/v1/markets/dam/data/supply-demand-chart-data
2026-06-01 00:00:00+03:00,2036.99,17243.1,,https://seffaflik.epias.com.tr/electricity-service/v1/markets/dam/data/supply-demand-chart-data
2026-06-01 00:00:00+03:00,2037.0,17243.1,,https://seffaflik.epias.com.tr/electricity-service/v1/markets/dam/data/supply-demand-chart-data
2026-06-01 00:00:00+03:00,2049.99,17243.69,,https://seffaflik.epias.com.tr/electricity-service/v1/markets/dam/data/supply-demand-chart-data
2026-06-01 00:00:00+03:00,2050.0,17243.69,,https://seffaflik.epias.com.tr/electricity-service/v1/markets/dam/data/supply-demand-chart-data
2026-06-01 00:00:00+03:00,2055.0,17243.92,,https://seffaflik.epias.com.tr/electricity-service/v1/markets/dam/data/supply-demand-chart-data
2026-06-01 00:00:00+03:00,2055.01,17243.92,,https://seffaflik.epias.com.tr/electricity-service/v1/markets/dam/data/supply-demand-chart-data
2026-06-01 00:00:00+03:00,2099.99,17245.98,,https://seffaflik.epias.com.tr/electricity-service/v1/markets/dam/data/supply-demand-chart-data
2026-06-01 00:00:00+03:00,2100.0,17252.98,,https://seffaflik.epias.com.tr/electricity-service/v1/markets/dam/data/supply-demand-chart-data
2026-06-01 00:00:00+03:00,2124.99,17254.13,,https://seffaflik.epias.com.tr/electricity-service/v1/markets/dam/data/supply-demand-chart-data
2026-06-01 00:00:00+03:00,2125.0,17254.13,,https://seffaflik.epias.com.tr/electricity-service/v1/markets/dam/data/supply-demand-chart-data
2026-06-01 00:00:00+03:00,2136.0,17254.63,,https://seffaflik.epias.com.tr/electricity-service/v1/markets/dam/data/supply-demand-chart-data
2026-06-01 00:00:00+03:00,2149.99,17255.27,,https://seffaflik.epias.com.tr/electricity-service/v1/markets/dam/data/supply-demand-chart-data
2026-06-01 00:00:00+03:00,2150.0,17255.27,,https://seffaflik.epias.com.tr/electricity-service/v1/markets/dam/data/supply-demand-chart-data
2026-06-01 00:00:00+03:00,2153.63,17255.44,,https://seffaflik.epias.com.tr/electricity-service/v1/markets/dam/data/supply-demand-chart-data
2026-06-01 00:00:00+03:00,2153.64,17255.44,,https://seffaflik.epias.com.tr/electricity-service/v1/markets/dam/data/supply-demand-chart-data
2026-06-01 00:00:00+03:00,2199.99,17257.56,,https://seffaflik.epias.com.tr/electricity-service/v1/markets/dam/data/supply-demand-chart-data
2026-06-01 00:00:00+03:00,2200.0,17258.36,,https://seffaflik.epias.com.tr/electricity-service/v1/markets/dam/data/supply-demand-chart-data
2026-06-01 00:00:00+03:00,2200.01,17258.36,,https://seffaflik.epias.com.tr/electricity-service/v1/markets/dam/data/supply-demand-chart-data
2026-06-01 00:00:00+03:00,2236.0,17260.01,,https://seffaflik.epias.com.tr/electricity-service/v1/markets/dam/data/supply-demand-chart-data
2026-06-01 00:00:00+03:00,2236.01,17265.01,,https://seffaflik.epias.com.tr/electricity-service/v1/markets/dam/data/supply-demand-chart-data
2026-06-01 00:00:00+03:00,2249.99,17265.65,,https://seffaflik.epias.com.tr/electricity-service/v1/markets/dam/data/supply-demand-chart-data
2026-06-01 00:00:00+03:00,,17277.8,,https://seffaflik.epias.com.tr/electricity-service/v1/markets/dam/data/supply-demand-chart-data
2026-06-01 00:00:00+03:00,,17314.0,,https://seffaflik.epias.com.tr/electricity-service/v1/markets/dam/data/supply-demand-chart-data
2026-06-01 00:00:00+03:00,2250.0,17322.65,,https://seffaflik.epias.com.tr/electricity-service/v1/markets/dam/data/supply-demand-chart-data
2026-06-01 00:00:00+03:00,2300.0,17324.94,,https://seffaflik.epias.com.tr/electricity-service/v1/markets/dam/data/supply-demand-chart-data
2026-06-01 00:00:00+03:00,2300.01,17324.94,,https://seffaflik.epias.com.tr/electricity-service/v1/markets/dam/data/supply-demand-chart-data
2026-06-01 00:00:00+03:00,2305.0,17325.17,,https://seffaflik.epias.com.tr/electricity-service/v1/markets/dam/data/supply-demand-chart-data
2026-06-01 00:00:00+03:00,2305.01,17325.17,,https://seffaflik.epias.com.tr/electricity-service/v1/markets/dam/data/supply-demand-chart-data
2026-06-01 00:00:00+03:00,2397.99,17329.43,,https://seffaflik.epias.com.tr/electricity-service/v1/markets/dam/data/supply-demand-chart-data
2026-06-01 00:00:00+03:00,2398.0,17329.43,,https://seffaflik.epias.com.tr/electricity-service/v1/markets/dam/data/supply-demand-chart-data
2026-06-01 00:00:00+03:00,2399.99,17329.52,,https://seffaflik.epias.com.tr/electricity-service/v1/markets/dam/data/supply-demand-chart-data
2026-06-01 00:00:00+03:00,2400.0,17329.52,,https://seffaflik.epias.com.tr/electricity-service/v1/markets/dam/data/supply-demand-chart-data
2026-06-01 00:00:00+03:00,2400.01,17329.52,,https://seffaflik.epias.com.tr/electricity-service/v1/markets/dam/data/supply-demand-chart-data
2026-06-01 00:00:00+03:00,2413.63,17330.15,,https://seffaflik.epias.com.tr/electricity-service/v1/markets/dam/data/supply-demand-chart-data
2026-06-01 00:00:00+03:00,2413.64,17330.15,,https://seffaflik.epias.com.tr/electricity-service/v1/markets/dam/data/supply-demand-chart-data
2026-06-01 00:00:00+03:00,2450.99,17331.86,,https://seffaflik.epias.com.tr/electricity-service/v1/markets/dam/data/supply-demand-chart-data
2026-06-01 00:00:00+03:00,,17339.1,,https://seffaflik.epias.com.tr/electricity-service/v1/markets/dam/data/supply-demand-chart-data
2026-06-01 00:00:00+03:00,2451.0,17381.86,,https://seffaflik.epias.com.tr/electricity-service/v1/markets/dam/data/supply-demand-chart-data
2026-06-01 00:00:00+03:00,2470.0,17382.73,,https://seffaflik.epias.com.tr/electricity-service/v1/markets/dam/data/supply-demand-chart-data
2026-06-01 00:00:00+03:00,2470.01,17382.73,,https://seffaflik.epias.com.tr/electricity-service/v1/markets/dam/data/supply-demand-chart-data
2026-06-01 00:00:00+03:00,2485.6,17383.44,,https://seffaflik.epias.com.tr/electricity-service/v1/markets/dam/data/supply-demand-chart-data
2026-06-01 00:00:00+03:00,2485.61,17383.44,,https://seffaflik.epias.com.tr/electricity-service/v1/markets/dam/data/supply-demand-chart-data
2026-06-01 00:00:00+03:00,2494.99,17383.87,,https://seffaflik.epias.com.tr/electricity-service/v1/markets/dam/data/supply-demand-chart-data
2026-06-01 00:00:00+03:00,2495.0,17383.87,,https://seffaflik.epias.com.tr/electricity-service/v1/markets/dam/data/supply-demand-chart-data
2026-06-01 00:00:00+03:00,2497.99,17384.01,,https://seffaflik.epias.com.tr/electricity-service/v1/markets/dam/data/supply-demand-chart-data
2026-06-01 00:00:00+03:00,2498.0,17384.01,,https://seffaflik.epias.com.tr/electricity-service/v1/markets/dam/data/supply-demand-chart-data
2026-06-01 00:00:00+03:00,2499.0,17384.06,,https://seffaflik.epias.com.tr/electricity-service/v1/markets/dam/data/supply-demand-chart-data
2026-06-01 00:00:00+03:00,2499.99,17384.1,,https://seffaflik.epias.com.tr/electricity-service/v1/markets/dam/data/supply-demand-chart-data
2026-06-01 00:00:00+03:00,2500.0,17384.1,,https://seffaflik.epias.com.tr/electricity-service/v1/markets/dam/data/supply-demand-chart-data
2026-06-01 00:00:00+03:00,2500.1,17384.1,,https://seffaflik.epias.com.tr/electricity-service/v1/markets/dam/data/supply-demand-chart-data
2026-06-01 00:00:00+03:00,2521.02,17384.16,,https://seffaflik.epias.com.tr/electricity-service/v1/markets/dam/data/supply-demand-chart-data
2026-06-01 00:00:00+03:00,2521.03,17384.16,,https://seffaflik.epias.com.tr/electricity-service/v1/markets/dam/data/supply-demand-chart-data
2026-06-01 00:00:00+03:00,2549.99,17384.23,,https://seffaflik.epias.com.tr/electricity-service/v1/markets/dam/data/supply-demand-chart-data
2026-06-01 00:00:00+03:00,2550.0,17384.23,,https://seffaflik.epias.com.tr/electricity-service/v1/markets/dam/data/supply-demand-chart-data
2026-06-01 00:00:00+03:00,2567.0,17384.28,,https://seffaflik.epias.com.tr/electricity-service/v1/markets/dam/data/supply-demand-chart-data
2026-06-01 00:00:00+03:00,2567.01,17384.28,,https://seffaflik.epias.com.tr/electricity-service/v1/markets/dam/data/supply-demand-chart-data
2026-06-01 00:00:00+03:00,2570.0,17384.28,,https://seffaflik.epias.com.tr/electricity-service/v1/markets/dam/data/supply-demand-chart-data
2026-06-01 00:00:00+03:00,2570.01,17384.28,,https://seffaflik.epias.com.tr/electricity-service/v1/markets/dam/data/supply-demand-chart-data
2026-06-01 00:00:00+03:00,2600.0,17384.36,,https://seffaflik.epias.com.tr/electricity-service/v1/markets/dam/data/supply-demand-chart-data
2026-06-01 00:00:00+03:00,2600.01,17384.36,,https://seffaflik.epias.com.tr/electricity-service/v1/markets/dam/data/supply-demand-chart-data
2026-06-01 00:00:00+03:00,2603.63,17384.37,,https://seffaflik.epias.com.tr/electricity-service/v1/markets/dam/data/supply-demand-chart-data
2026-06-01 00:00:00+03:00,2603.64,17384.37,,https://seffaflik.epias.com.tr/electricity-service/v1/markets/dam/data/supply-demand-chart-data
2026-06-01 00:00:00+03:00,2670.0,17384.54,,https://seffaflik.epias.com.tr/electricity-service/v1/markets/dam/data/supply-demand-chart-data
2026-06-01 00:00:00+03:00,2679.6,17384.57,,https://seffaflik.epias.com.tr/electricity-service/v1/markets/dam/data/supply-demand-chart-data
2026-06-01 00:00:00+03:00,2679.61,17384.57,,https://seffaflik.epias.com.tr/electricity-service/v1/markets/dam/data/supply-demand-chart-data
2026-06-01 00:00:00+03:00,2697.99,17384.62,,https://seffaflik.epias.com.tr/electricity-service/v1/markets/dam/data/supply-demand-chart-data
2026-06-01 00:00:00+03:00,2698.0,17384.62,,https://seffaflik.epias.com.tr/electricity-service/v1/markets/dam/data/supply-demand-chart-data
2026-06-01 00:00:00+03:00,2699.99,17384.62,,https://seffaflik.epias.com.tr/electricity-service/v1/markets/dam/data/supply-demand-chart-data
2026-06-01 00:00:00+03:00,2700.0,17416.82,,https://seffaflik.epias.com.tr/electricity-service/v1/markets/dam/data/supply-demand-chart-data
2026-06-01 00:00:00+03:00,2745.09,17416.94,,https://seffaflik.epias.com.tr/electricity-service/v1/markets/dam/data/supply-demand-chart-data
2026-06-01 00:00:00+03:00,2745.1,17416.94,,https://seffaflik.epias.com.tr/electricity-service/v1/markets/dam/data/supply-demand-chart-data
2026-06-01 00:00:00+03:00,2749.99,17416.95,,https://seffaflik.epias.com.tr/electricity-service/v1/markets/dam/data/supply-demand-chart-data
2026-06-01 00:00:00+03:00,,17468.1,,https://seffaflik.epias.com.tr/electricity-service/v1/markets/dam/data/supply-demand-chart-data
2026-06-01 00:00:00+03:00,2750.0,17586.95,,https://seffaflik.epias.com.tr/electricity-service/v1/markets/dam/data/supply-demand-chart-data
2026-06-01 00:00:00+03:00,2750.01,17586.95,,https://seffaflik.epias.com.tr/electricity-service/v1/markets/dam/data/supply-demand-chart-data
2026-06-01 00:00:00+03:00,2751.0,17586.96,,https://seffaflik.epias.com.tr/electricity-service/v1/markets/dam/data/supply-demand-chart-data
2026-06-01 00:00:00+03:00,2751.01,17591.96,,https://seffaflik.epias.com.tr/electricity-service/v1/markets/dam/data/supply-demand-chart-data
2026-06-01 00:00:00+03:00,2783.63,17592.04,,https://seffaflik.epias.com.tr/electricity-service/v1/markets/dam/data/supply-demand-chart-data
2026-06-01 00:00:00+03:00,2783.64,17592.04,,https://seffaflik.epias.com.tr/electricity-service/v1/markets/dam/data/supply-demand-chart-data
2026-06-01 00:00:00+03:00,2785.69,17592.05,,https://seffaflik.epias.com.tr/electricity-service/v1/markets/dam/data/supply-demand-chart-data
2026-06-01 00:00:00+03:00,2785.7,17592.05,,https://seffaflik.epias.com.tr/electricity-service/v1/markets/dam/data/supply-demand-chart-data
2026-06-01 00:00:00+03:00,2799.0,17592.08,,https://seffaflik.epias.com.tr/electricity-service/v1/markets/dam/data/supply-demand-chart-data
2026-06-01 00:00:00+03:00,2799.01,17592.08,,https://seffaflik.epias.com.tr/electricity-service/v1/markets/dam/data/supply-demand-chart-data
2026-06-01 00:00:00+03:00,2799.99,17592.08,,https://seffaflik.epias.com.tr/electricity-service/v1/markets/dam/data/supply-demand-chart-data
2026-06-01 00:00:00+03:00,2800.0,17592.08,,https://seffaflik.epias.com.tr/electricity-service/v1/markets/dam/data/supply-demand-chart-data
2026-06-01 00:00:00+03:00,2800.01,17592.08,,https://seffaflik.epias.com.tr/electricity-service/v1/markets/dam/data/supply-demand-chart-data
2026-06-01 00:00:00+03:00,2874.99,17592.28,,https://seffaflik.epias.com.tr/electricity-service/v1/markets/dam/data/supply-demand-chart-data
2026-06-01 00:00:00+03:00,2875.0,17592.28,,https://seffaflik.epias.com.tr/electricity-service/v1/markets/dam/data/supply-demand-chart-data
2026-06-01 00:00:00+03:00,2899.99,17592.34,,https://seffaflik.epias.com.tr/electricity-service/v1/markets/dam/data/supply-demand-chart-data
2026-06-01 00:00:00+03:00,2900.0,17592.34,,https://seffaflik.epias.com.tr/electricity-service/v1/markets/dam/data/supply-demand-chart-data
2026-06-01 00:00:00+03:00,2900.01,17592.44,,https://seffaflik.epias.com.tr/electricity-service/v1/markets/dam/data/supply-demand-chart-data
2026-06-01 00:00:00+03:00,2913.63,17592.48,,https://seffaflik.epias.com.tr/electricity-service/v1/markets/dam/data/supply-demand-chart-data
2026-06-01 00:00:00+03:00,2913.64,17592.48,,https://seffaflik.epias.com.tr/electricity-service/v1/markets/dam/data/supply-demand-chart-data
2026-06-01 00:00:00+03:00,2925.0,17592.51,,https://seffaflik.epias.com.tr/electricity-service/v1/markets/dam/data/supply-demand-chart-data
2026-06-01 00:00:00+03:00,2925.01,17592.51,,https://seffaflik.epias.com.tr/electricity-service/v1/markets/dam/data/supply-demand-chart-data
2026-06-01 00:00:00+03:00,2979.69,17592.65,,https://seffaflik.epias.com.tr/electricity-service/v1/markets/dam/data/supply-demand-chart-data
2026-06-01 00:00:00+03:00,2979.7,17592.65,,https://seffaflik.epias.com.tr/electricity-service/v1/markets/dam/data/supply-demand-chart-data
2026-06-01 00:00:00+03:00,2990.0,17592.68,,https://seffaflik.epias.com.tr/electricity-service/v1/markets/dam/data/supply-demand-chart-data
2026-06-01 00:00:00+03:00,2990.01,17592.68,,https://seffaflik.epias.com.tr/electricity-service/v1/markets/dam/data/supply-demand-chart-data
2026-06-01 00:00:00+03:00,2997.99,17592.7,,https://seffaflik.epias.com.tr/electricity-service/v1/markets/dam/data/supply-demand-chart-data
2026-06-01 00:00:00+03:00,2998.0,17592.7,,https://seffaflik.epias.com.tr/electricity-service/v1/markets/dam/data/supply-demand-chart-data
2026-06-01 00:00:00+03:00,2999.0,17592.7,,https://seffaflik.epias.com.tr/electricity-service/v1/markets/dam/data/supply-demand-chart-data
2026-06-01 00:00:00+03:00,3000.0,17603.1,,https://seffaflik.epias.com.tr/electricity-service/v1/markets/dam/data/supply-demand-chart-data
2026-06-01 00:00:00+03:00,3000.01,17628.1,,https://seffaflik.epias.com.tr/electricity-service/v1/markets/dam/data/supply-demand-chart-data
2026-06-01 00:00:00+03:00,,17691.9,,https://seffaflik.epias.com.tr/electricity-service/v1/markets/dam/data/supply-demand-chart-data
2026-06-01 00:00:00+03:00,,17744.4,,https://seffaflik.epias.com.tr/electricity-service/v1/markets/dam/data/supply-demand-chart-data
2026-06-01 00:00:00+03:00,,17747.5,,https://seffaflik.epias.com.tr/electricity-service/v1/markets/dam/data/supply-demand-chart-data
2026-06-01 00:00:00+03:00,,17768.2,,https://seffaflik.epias.com.tr/electricity-service/v1/markets/dam/data/supply-demand-chart-data
2026-06-01 00:00:00+03:00,3250.0,17795.1,,https://seffaflik.epias.com.tr/electricity-service/v1/markets/dam/data/supply-demand-chart-data
2026-06-01 00:00:00+03:00,3300.0,17807.0,,https://seffaflik.epias.com.tr/electricity-service/v1/markets/dam/data/supply-demand-chart-data
2026-06-01 00:00:00+03:00,3323.7,17820.4,,https://seffaflik.epias.com.tr/electricity-service/v1/markets/dam/data/supply-demand-chart-data
2026-06-01 00:00:00+03:00,3350.0,17825.4,,https://seffaflik.epias.com.tr/electricity-service/v1/markets/dam/data/supply-demand-chart-data
2026-06-01 00:00:00+03:00,3590.01,17850.4,,https://seffaflik.epias.com.tr/electricity-service/v1/markets/dam/data/supply-demand-chart-data
2026-06-01 00:00:00+03:00,3599.01,17865.4,,https://seffaflik.epias.com.tr/electricity-service/v1/markets/dam/data/supply-demand-chart-data
2026-06-01 00:00:00+03:00,3600.0,17891.0,,https://seffaflik.epias.com.tr/electricity-service/v1/markets/dam/data/supply-demand-chart-data
2026-06-01 00:00:00+03:00,,17891.2,,https://seffaflik.epias.com.tr/electricity-service/v1/markets/dam/data/supply-demand-chart-data
2026-06-01 00:00:00+03:00,3633.0,17901.0,,https://seffaflik.epias.com.tr/electricity-service/v1/markets/dam/data/supply-demand-chart-data
2026-06-01 00:00:00+03:00,3697.99,17906.91,,https://seffaflik.epias.com.tr/electricity-service/v1/markets/dam/data/supply-demand-chart-data
2026-06-01 00:00:00+03:00,3698.0,17906.91,,https://seffaflik.epias.com.tr/electricity-service/v1/markets/dam/data/supply-demand-chart-data
2026-06-01 00:00:00+03:00,3699.0,17907.0,,https://seffaflik.epias.com.tr/electricity-service/v1/markets/dam/data/supply-demand-chart-data
2026-06-01 00:00:00+03:00,3699.01,17907.0,,https://seffaflik.epias.com.tr/electricity-service/v1/markets/dam/data/supply-demand-chart-data
2026-06-01 00:00:00+03:00,3699.99,17907.09,,https://seffaflik.epias.com.tr/electricity-service/v1/markets/dam/data/supply-demand-chart-data
2026-06-01 00:00:00+03:00,3700.0,17907.09,,https://seffaflik.epias.com.tr/electricity-service/v1/markets/dam/data/supply-demand-chart-data
2026-06-01 00:00:00+03:00,3717.0,17908.64,,https://seffaflik.epias.com.tr/electricity-service/v1/markets/dam/data/supply-demand-chart-data
2026-06-01 00:00:00+03:00,3738.0,17910.55,,https://seffaflik.epias.com.tr/electricity-service/v1/markets/dam/data/supply-demand-chart-data
2026-06-01 00:00:00+03:00,3742.99,17911.0,,https://seffaflik.epias.com.tr/electricity-service/v1/markets/dam/data/supply-demand-chart-data
2026-06-01 00:00:00+03:00,,17920.4,,https://seffaflik.epias.com.tr/electricity-service/v1/markets/dam/data/supply-demand-chart-data
2026-06-01 00:00:00+03:00,,17924.4,,https://seffaflik.epias.com.tr/electricity-service/v1/markets/dam/data/supply-demand-chart-data
2026-06-01 00:00:00+03:00,3799.01,17936.0,,https://seffaflik.epias.com.tr/electricity-service/v1/markets/dam/data/supply-demand-chart-data
2026-06-01 00:00:00+03:00,,17937.2,,https://seffaflik.epias.com.tr/electricity-service/v1/markets/dam/data/supply-demand-chart-data
2026-06-01 00:00:00+03:00,,17950.0,,https://seffaflik.epias.com.tr/electricity-service/v1/markets/dam/data/supply-demand-chart-data
2026-06-01 00:00:00+03:00,3876.0,17961.0,,https://seffaflik.epias.com.tr/electricity-service/v1/markets/dam/data/supply-demand-chart-data
2026-06-01 00:00:00+03:00,3899.99,17961.76,,https://seffaflik.epias.com.tr/electricity-service/v1/markets/dam/data/supply-demand-chart-data
2026-06-01 00:00:00+03:00,3900.0,17964.76,,https://seffaflik.epias.com.tr/electricity-service/v1/markets/dam/data/supply-demand-chart-data
2026-06-01 00:00:00+03:00,3925.0,17966.88,,https://seffaflik.epias.com.tr/electricity-service/v1/markets/dam/data/supply-demand-chart-data
2026-06-01 00:00:00+03:00,3949.99,17969.0,,https://seffaflik.epias.com.tr/electricity-service/v1/markets/dam/data/supply-demand-chart-data
2026-06-01 00:00:00+03:00,3950.0,17969.0,,https://seffaflik.epias.com.tr/electricity-service/v1/markets/dam/data/supply-demand-chart-data
2026-06-01 00:00:00+03:00,3990.0,17972.39,,https://seffaflik.epias.com.tr/electricity-service/v1/markets/dam/data/supply-demand-chart-data
2026-06-01 00:00:00+03:00,3990.01,17972.39,,https://seffaflik.epias.com.tr/electricity-service/v1/markets/dam/data/supply-demand-chart-data
2026-06-01 00:00:00+03:00,3997.99,17973.07,,https://seffaflik.epias.com.tr/electricity-service/v1/markets/dam/data/supply-demand-chart-data
2026-06-01 00:00:00+03:00,3998.0,17973.07,,https://seffaflik.epias.com.tr/electricity-service/v1/markets/dam/data/supply-demand-chart-data
2026-06-01 00:00:00+03:00,3999.0,17973.15,,https://seffaflik.epias.com.tr/electricity-service/v1/markets/dam/data/supply-demand-chart-data
2026-06-01 00:00:00+03:00,3999.01,18002.15,,https://seffaflik.epias.com.tr/electricity-service/v1/markets/dam/data/supply-demand-chart-data
2026-06-01 00:00:00+03:00,3999.99,18002.24,,https://seffaflik.epias.com.tr/electricity-service/v1/markets/dam/data/supply-demand-chart-data
2026-06-01 00:00:00+03:00,4000.0,18007.24,,https://seffaflik.epias.com.tr/electricity-service/v1/markets/dam/data/supply-demand-chart-data
2026-06-01 00:00:00+03:00,,18008.4,,https://seffaflik.epias.com.tr/electricity-service/v1/markets/dam/data/supply-demand-chart-data
2026-06-01 00:00:00+03:00,,18012.0,,https://seffaflik.epias.com.tr/electricity-service/v1/markets/dam/data/supply-demand-chart-data
2026-06-01 00:00:00+03:00,,18018.2,,https://seffaflik.epias.com.tr/electricity-service/v1/markets/dam/data/supply-demand-chart-data
2026-06-01 00:00:00+03:00,,18018.9,,https://seffaflik.epias.com.tr/electricity-service/v1/markets/dam/data/supply-demand-chart-data
2026-06-01 00:00:00+03:00,4000.01,18032.24,,https://seffaflik.epias.com.tr/electricity-service/v1/markets/dam/data/supply-demand-chart-data
2026-06-01 00:00:00+03:00,4005.0,18032.66,,https://seffaflik.epias.com.tr/electricity-service/v1/markets/dam/data/supply-demand-chart-data
2026-06-01 00:00:00+03:00,4099.99,18040.71,,https://seffaflik.epias.com.tr/electricity-service/v1/markets/dam/data/supply-demand-chart-data
2026-06-01 00:00:00+03:00,4100.0,18048.21,,https://seffaflik.epias.com.tr/electricity-service/v1/markets/dam/data/supply-demand-chart-data
2026-06-01 00:00:00+03:00,4100.01,18060.21,,https://seffaflik.epias.com.tr/electricity-service/v1/markets/dam/data/supply-demand-chart-data
2026-06-01 00:00:00+03:00,4126.99,18062.5,,https://seffaflik.epias.com.tr/electricity-service/v1/markets/dam/data/supply-demand-chart-data
2026-06-01 00:00:00+03:00,,18083.9,,https://seffaflik.epias.com.tr/electricity-service/v1/markets/dam/data/supply-demand-chart-data
2026-06-01 00:00:00+03:00,,18086.5,,https://seffaflik.epias.com.tr/electricity-service/v1/markets/dam/data/supply-demand-chart-data
2026-06-01 00:00:00+03:00,,18115.8,,https://seffaflik.epias.com.tr/electricity-service/v1/markets/dam/data/supply-demand-chart-data
2026-06-01 00:00:00+03:00,,18116.6,,https://seffaflik.epias.com.tr/electricity-service/v1/markets/dam/data/supply-demand-chart-data
2026-06-01 00:00:00+03:00,,18119.7,,https://seffaflik.epias.com.tr/electricity-service/v1/markets/dam/data/supply-demand-chart-data
2026-06-01 00:00:00+03:00,,18125.7,,https://seffaflik.epias.com.tr/electricity-service/v1/markets/dam/data/supply-demand-chart-data
2026-06-01 00:00:00+03:00,4200.0,18192.9,,https://seffaflik.epias.com.tr/electricity-service/v1/markets/dam/data/supply-demand-chart-data
2026-06-01 00:00:00+03:00,,18205.7,,https://seffaflik.epias.com.tr/electricity-service/v1/markets/dam/data/supply-demand-chart-data
2026-06-01 00:00:00+03:00,,18214.7,,https://seffaflik.epias.com.tr/electricity-service/v1/markets/dam/data/supply-demand-chart-data
2026-06-01 00:00:00+03:00,4222.1,18217.9,,https://seffaflik.epias.com.tr/electricity-service/v1/markets/dam/data/supply-demand-chart-data
2026-06-01 00:00:00+03:00,,18255.7,,https://seffaflik.epias.com.tr/electricity-service/v1/markets/dam/data/supply-demand-chart-data
2026-06-01 00:00:00+03:00,4300.01,18267.9,,https://seffaflik.epias.com.tr/electricity-service/v1/markets/dam/data/supply-demand-chart-data
2026-06-01 00:00:00+03:00,,18277.5,,https://seffaflik.epias.com.tr/electricity-service/v1/markets/dam/data/supply-demand-chart-data
2026-06-01 00:00:00+03:00,,18287.5,,https://seffaflik.epias.com.tr/electricity-service/v1/markets/dam/data/supply-demand-chart-data
2026-06-01 00:00:00+03:00,,18288.72,,https://seffaflik.epias.com.tr/electricity-service/v1/markets/dam/data/supply-demand-chart-data
2026-06-01 00:00:00+03:00,,18288.73,,https://seffaflik.epias.com.tr/electricity-service/v1/markets/dam/data/supply-demand-chart-data
2026-06-01 00:00:00+03:00,,18293.34,,https://seffaflik.epias.com.tr/electricity-service/v1/markets/dam/data/supply-demand-chart-data
2026-06-01 00:00:00+03:00,,18293.34,,https://seffaflik.epias.com.tr/electricity-service/v1/markets/dam/data/supply-demand-chart-data
2026-06-01 00:00:00+03:00,,18317.85,,https://seffaflik.epias.com.tr/electricity-service/v1/markets/dam/data/supply-demand-chart-data
2026-06-01 00:00:00+03:00,4400.01,18317.9,,https://seffaflik.epias.com.tr/electricity-service/v1/markets/dam/data/supply-demand-chart-data
2026-06-01 00:00:00+03:00,4500.0,18318.3,,https://seffaflik.epias.com.tr/electricity-service/v1/markets/dam/data/supply-demand-chart-data
2026-06-01 00:00:00+03:00,,18324.0,,https://seffaflik.epias.com.tr/electricity-service/v1/markets/dam/data/supply-demand-chart-data
2026-06-01 00:00:00+03:00,,18324.0,,https://seffaflik.epias.com.tr/electricity-service/v1/markets/dam/data/supply-demand-chart-data
2026-06-01 00:00:00+03:00,,18325.53,,https://seffaflik.epias.com.tr/electricity-service/v1/markets/dam/data/supply-demand-chart-data
2026-06-01 00:00:00+03:00,,18325.54,,https://seffaflik.epias.com.tr/electricity-service/v1/markets/dam/data/supply-demand-chart-data
2026-06-01 00:00:00+03:00,,18327.07,,https://seffaflik.epias.com.tr/electricity-service/v1/markets/dam/data/supply-demand-chart-data
2026-06-01 00:00:00+03:00,,18347.08,,https://seffaflik.epias.com.tr/electricity-service/v1/markets/dam/data/supply-demand-chart-data
2026-06-01 00:00:00+03:00,,18348.88,,https://seffaflik.epias.com.tr/electricity-service/v1/markets/dam/data/supply-demand-chart-data
2026-06-01 00:00:00+03:00,,18349.18,,https://seffaflik.epias.com.tr/electricity-service/v1/markets/dam/data/supply-demand-chart-data
2026-06-01 00:00:00+03:00,,18349.18,,https://seffaflik.epias.com.tr/electricity-service/v1/markets/dam/data/supply-demand-chart-data
2026-06-01 00:00:00+03:00,,18350.41,,https://seffaflik.epias.com.tr/electricity-service/v1/markets/dam/data/supply-demand-chart-data
2026-06-01 00:00:00+03:00,,18350.41,,https://seffaflik.epias.com.tr/electricity-service/v1/markets/dam/data/supply-demand-chart-data
2026-06-01 00:00:00+03:00,,18351.95,,https://seffaflik.epias.com.tr/electricity-service/v1/markets/dam/data/supply-demand-chart-data
2026-06-01 00:00:00+03:00,,18351.95,,https://seffaflik.epias.com.tr/electricity-service/v1/markets/dam/data/supply-demand-chart-data
2026-06-01 00:00:00+03:00,,18353.49,,https://seffaflik.epias.com.tr/electricity-service/v1/markets/dam/data/supply-demand-chart-data
2026-06-01 00:00:00+03:00,,18353.49,,https://seffaflik.epias.com.tr/electricity-service/v1/markets/dam/data/supply-demand-chart-data
2026-06-01 00:00:00+03:00,,18353.8,,https://seffaflik.epias.com.tr/electricity-service/v1/markets/dam/data/supply-demand-chart-data
2026-06-01 00:00:00+03:00,,18363.8,,https://seffaflik.epias.com.tr/electricity-service/v1/markets/dam/data/supply-demand-chart-data
2026-06-01 00:00:00+03:00,,18364.3,,https://seffaflik.epias.com.tr/electricity-service/v1/markets/dam/data/supply-demand-chart-data
2026-06-01 00:00:00+03:00,,18374.3,,https://seffaflik.epias.com.tr/electricity-service/v1/markets/dam/data/supply-demand-chart-data
2026-06-01 00:00:00+03:00,,18374.8,,https://seffaflik.epias.com.tr/electricity-service/v1/markets/dam/data/supply-demand-chart-data
2026-06-01 00:00:00+03:00,456.0,16438.9,,https://seffaflik.epias.com.tr/electricity-service/v1/markets/dam/data/supply-demand-chart-ptf-data
