delivery_hour,mcpPrice,matchingQuantity,reconstructed_clearing_price,reconstructed_clearing_volume,reconstruction_price_error,reconstruction_volume_error,slope_near_clearing,elasticity_near_clearing,curve_fragility_score,volume_needed_for_100TL_move,volume_needed_for_500TL_move,oversupply_pressure,cap_risk_score,zero_pressure_from_curve,spike_pressure_from_curve,supply_points,demand_points,status,supply_status,ptf_status,raw_dir
2026-05-18T00:00:00+03:00,300.01,16615.899999999998,300.0075050200803,16610.90211530908,-0.0024949799196747335,-4.997884690917999,199.22999999999956,55.60000000000218,254.83000000000175,552.2425351405291,1257.1665261043854,0.0,0.0,0.0,0.0,422,216,ok,200,200,data/raw/dam_supply_demand_curve_weekly/2026-05-18_2026-05-24/2026-05-18
2026-05-18T01:00:00+03:00,205.01,16770.600000000006,203.3851989389923,16770.139074270555,-1.6248010610077017,-0.4609257294505369,0.3,7.239999999999418,7.539999999999417,731.1714627363763,1662.0205577721354,0.0,0.0,0.0,0.0,419,214,ok,200,200,data/raw/dam_supply_demand_curve_weekly/2026-05-18_2026-05-24/2026-05-18
2026-05-18T02:00:00+03:00,199.01,16638.400000000012,198.47870329309353,16604.309866141084,-0.5312967069064598,-34.09013385892831,14.2596491228067,85.0526315789472,99.3122807017539,688.7267746963444,1948.7612025876479,0.0,0.0,0.0,0.0,434,212,ok,200,200,data/raw/dam_supply_demand_curve_weekly/2026-05-18_2026-05-24/2026-05-18
2026-05-18T03:00:00+03:00,199.99,16386.900000000005,199.99297256097563,16381.981276946384,0.0029725609756212634,-4.918723053620852,132.92929292929023,23.131313131312552,156.06060606060277,747.1001524393814,2010.3799999998137,0.0,0.0,0.0,0.0,433,212,ok,200,200,data/raw/dam_supply_demand_curve_weekly/2026-05-18_2026-05-24/2026-05-18
2026-05-18T04:00:00+03:00,194.5,16574.9,190.00526381909546,16564.3866593784,-4.494736180904539,-10.513340621600946,8.419999999999709,7.9,16.31999999999971,858.2419845470977,2178.010138975231,0.0,0.0,0.0,0.0,433,212,ok,200,200,data/raw/dam_supply_demand_curve_weekly/2026-05-18_2026-05-24/2026-05-18
2026-05-18T05:00:00+03:00,198.86,16687.7,196.35160583941607,16665.057466844864,-2.508394160583947,-22.642533155136334,0.3999999999997966,67.85964912280767,68.25964912280746,833.1252812536004,2139.683051053151,0.0,0.0,0.0,0.0,433,214,ok,200,200,data/raw/dam_supply_demand_curve_weekly/2026-05-18_2026-05-24/2026-05-18
2026-05-18T06:00:00+03:00,170.0,16530.400000000005,170.00355929171883,16530.39120372026,0.003559291718829627,-0.008796279744274216,3900.5000000034674,355.0000000002501,4255.500000003718,1336.009864067255,2685.598796279741,0.0,0.0,0.0,0.0,434,212,ok,200,200,data/raw/dam_supply_demand_curve_weekly/2026-05-18_2026-05-24/2026-05-18
2026-05-18T07:00:00+03:00,169.91,16364.600000000008,169.90886064921784,16387.556025150472,-0.0011393507821537696,22.956025150464484,688.8888888888425,2244.7777777776796,2933.6666666665224,1674.5166330441243,3118.5324775600275,2.020167442523243e-14,0.0,0.0,0.0,435,211,ok,200,200,data/raw/dam_supply_demand_curve_weekly/2026-05-18_2026-05-24/2026-05-18
2026-05-18T08:00:00+03:00,171.0,16747.100000000002,171.00367298881,16747.1955247257,0.0036729888099955588,0.09552472569703241,13980.500000012744,19655.500000017724,33636.00000003047,1494.4055771706699,2890.810778032148,3.2801599471374543e-14,0.0,0.0,0.0,442,188,ok,200,200,data/raw/dam_supply_demand_curve_weekly/2026-05-18_2026-05-24/2026-05-18
2026-05-18T09:00:00+03:00,150.0,17593.799999999996,149.99704390243903,17586.573448275878,-0.0029560975609683737,-7.2265517241175985,7.47411444141698,1.861943687556768,9.336058128973747,2104.3596292682705,3566.169880561676,0.0,0.0,0.0,0.0,441,151,ok,200,200,data/raw/dam_supply_demand_curve_weekly/2026-05-18_2026-05-24/2026-05-18
2026-05-18T10:00:00+03:00,8.01,18047.999999999996,8.005264112903225,18039.461868228642,-0.00473588709677486,-8.538131771354529,208.9052631578957,0.0,208.9052631578957,617.800000000032,4112.897407623652,0.0,0.0,0.0,0.0,462,141,ok,200,200,data/raw/dam_supply_demand_curve_weekly/2026-05-18_2026-05-24/2026-05-18
2026-05-18T11:00:00+03:00,99.0,18824.399999999994,99.000829368807,18821.10103772928,0.0008293688070040162,-3.298962270713673,16500.49999999166,0.0,16500.49999999166,1355.9253083237782,4154.960433174827,0.0,0.0,0.0,0.0,461,139,ok,200,200,data/raw/dam_supply_demand_curve_weekly/2026-05-18_2026-05-24/2026-05-18
2026-05-18T12:00:00+03:00,0.0,17771.50000000002,0.0,18234.449999999997,0.0,462.9499999999789,0.0,59.99999999985448,59.99999999985448,1007.1000000000022,4236.640000000003,0.05074460704874561,0.0,0.7507446070494732,0.0,475,140,ok,200,200,data/raw/dam_supply_demand_curve_weekly/2026-05-18_2026-05-24/2026-05-18
2026-05-18T13:00:00+03:00,1.99,18370.799999999996,1.9902805519053877,18366.234170486503,0.0002805519053876715,-4.565829513492645,153.79797979798187,0.0,153.79797979798187,991.5710560711159,4479.202146874606,0.0,0.0,0.22181460278340903,0.0,476,140,ok,200,200,data/raw/dam_supply_demand_curve_weekly/2026-05-18_2026-05-24/2026-05-18
2026-05-18T14:00:00+03:00,169.91,18804.499999999993,169.90564266666667,18839.50453333335,-0.004357333333331326,35.00453333335827,688.8888888888628,2676.666666666541,3365.5555555554038,2009.9118480062862,3605.7723663542965,0.0,0.0,0.0,0.0,500,143,ok,200,200,data/raw/dam_supply_demand_curve_weekly/2026-05-18_2026-05-24/2026-05-18
2026-05-18T15:00:00+03:00,170.99,18495.699999999986,170.9944237275393,18495.765774753745,0.004423727539290212,0.06577475375888753,42.36956521739536,103.15217391304647,145.52173913044183,1555.5787868014813,2991.5461333381863,8.261085902504963e-15,0.0,0.0,0.0,500,231,ok,200,200,data/raw/dam_supply_demand_curve_weekly/2026-05-18_2026-05-24/2026-05-18
2026-05-18T16:00:00+03:00,249.99,19310.4,249.99306773588125,19310.473745094692,0.003067735881245426,0.07374509469082113,0.9849999999987631,29.68500000000131,30.670000000000073,652.1743286128622,1447.2377700051184,0.0,0.0,0.0,0.0,557,236,ok,200,200,data/raw/dam_supply_demand_curve_weekly/2026-05-18_2026-05-24/2026-05-18
2026-05-18T17:00:00+03:00,799.01,19855.999999999985,799.0062022321429,19855.97151785727,-0.0037977678571223805,-0.028482142715802183,187.909090909088,38.393939393941096,226.30303030302912,165.94848214253943,331.10295801789107,1.905471085095348e-14,0.0,0.0,0.0,541,259,ok,200,200,data/raw/dam_supply_demand_curve_weekly/2026-05-18_2026-05-24/2026-05-18
2026-05-18T18:00:00+03:00,2700.0,20300.99999999998,2699.99176,20295.307703220315,-0.008240000000114378,-5.692296779667231,10.085000000000946,0.0,10.085000000000946,21.89999999986685,107.57999999986714,0.0,0.0,0.0,0.024203833799202268,579,261,ok,200,200,data/raw/dam_supply_demand_curve_weekly/2026-05-18_2026-05-24/2026-05-18
2026-05-18T19:00:00+03:00,4300.0,28162.90000000001,4250.589999999994,28085.954382280885,-49.41000000000622,-76.94561771912413,1.2899064817800618,0.0,1.2899064817800618,769.696551724137,832.7000000000007,0.0,0.9382374999999922,0.0,0.0064495324089003095,350,249,ok,200,200,data/raw/dam_supply_demand_curve_weekly/2026-05-18_2026-05-24/2026-05-18
2026-05-18T20:00:00+03:00,4300.01,28397.99999999999,4300.007829931034,28379.000542480695,-0.002170068965824612,-18.999457519294083,17.304761904761886,0.0,17.304761904761886,225.76748512099584,261.30000001884764,0.0,1.0,0.0,0.08652380952380943,416,318,ok,200,200,data/raw/dam_supply_demand_curve_weekly/2026-05-18_2026-05-24/2026-05-18
2026-05-18T21:00:00+03:00,4300.0,27796.899999999998,4300.000496551724,27713.404751232734,0.0004965517236996675,-83.49524876726355,2900.040000000008,0.0,2900.040000000008,721.4827586510037,769.4000000325577,0.0,1.0,0.0,1.0,389,432,ok,200,200,data/raw/dam_supply_demand_curve_weekly/2026-05-18_2026-05-24/2026-05-18
2026-05-18T22:00:00+03:00,2954.44,24715.399999999994,2834.247500000012,24710.410472570067,-120.19249999998783,-4.989527429926966,0.37948989497837654,0.1853322742917653,0.5648221692701418,7.384504480123724,201.61692773033064,0.0,0.0,0.0,0.001507225134586541,529,280,ok,200,200,data/raw/dam_supply_demand_curve_weekly/2026-05-18_2026-05-24/2026-05-18
2026-05-18T23:00:00+03:00,2100.0,23712.40000000001,2083.046251768036,23709.118595236647,-16.9537482319638,-3.281404763361934,0.6747778065406751,0.0,0.6747778065406751,65.46761412073829,291.0178652906725,0.0,0.0,0.0,0.0007868533417595954,454,273,ok,200,200,data/raw/dam_supply_demand_curve_weekly/2026-05-18_2026-05-24/2026-05-18
2026-05-19T00:00:00+03:00,325.0,16744.699999999993,324.9946046511628,16736.41077674416,-0.005395348837225811,-8.289223255833349,5.577499999999418,0.0,5.577499999999418,362.59692080495734,1041.3103028664627,0.0,0.0,0.0,0.0,403,210,ok,200,200,data/raw/dam_supply_demand_curve_weekly/2026-05-18_2026-05-24/2026-05-19
2026-05-19T01:00:00+03:00,300.01,16752.1,300.0097254255903,16753.598462383285,-0.0002745744096728231,1.4984623832860962,39.1204013377917,21.939799331103124,61.06020066889482,541.7696155959202,1213.8445908842114,0.0,0.0,0.0,0.0,368,209,ok,200,200,data/raw/dam_supply_demand_curve_weekly/2026-05-18_2026-05-24/2026-05-19
2026-05-19T02:00:00+03:00,252.01,16706.600000000006,250.5370810810811,16700.406913598934,-1.4729189189188787,-6.193086401071923,12.405000000000655,48.54999999999927,60.95499999999993,590.6983873873869,1233.904324324325,0.0,0.0,0.0,0.0,391,208,ok,200,200,data/raw/dam_supply_demand_curve_weekly/2026-05-18_2026-05-24/2026-05-19
2026-05-19T03:00:00+03:00,299.99,16544.299999999996,252.0016985845129,16518.852156975936,-47.988301415487115,-25.447843024059694,7.204999999999927,26.30000000000109,33.50500000000102,602.3887152146599,1252.9000000000124,0.0,0.0,0.0,0.0,391,208,ok,200,200,data/raw/dam_supply_demand_curve_weekly/2026-05-18_2026-05-24/2026-05-19
2026-05-19T04:00:00+03:00,240.01,16529.50000000001,236.99716460513795,16529.230989158998,-3.012835394862037,-0.2690108410133689,3.7840531561459976,0.0,3.7840531561459976,560.7309343302986,1292.2000000000116,0.0,0.0,0.0,0.0,392,207,ok,200,200,data/raw/dam_supply_demand_curve_weekly/2026-05-18_2026-05-24/2026-05-19
2026-05-19T05:00:00+03:00,200.01,16631.5,200.0088290788013,16631.596614872295,-0.001170921198678343,0.09661487229459453,30.874000000000525,12.7,43.574000000000524,676.4098224199624,1671.0033851278058,0.0,0.0,0.0,0.0,392,207,ok,200,200,data/raw/dam_supply_demand_curve_weekly/2026-05-18_2026-05-24/2026-05-19
2026-05-19T06:00:00+03:00,169.91,16614.400000000005,169.9061129171639,16652.30008641616,-0.0038870828360870746,37.9000864161535,688.8888888888628,2011.4444444443957,2700.3333333332585,1346.3534762064592,2646.4999135837606,9.831017064884031e-15,0.0,0.0,0.0,393,206,ok,200,200,data/raw/dam_supply_demand_curve_weekly/2026-05-18_2026-05-24/2026-05-19
2026-05-19T07:00:00+03:00,0.0,16128.8,0.0,16215.9,0.0,87.10000000000036,39.99999999996362,0.0,39.99999999996362,929.4000000000015,3920.7999999999993,0.01105088215886881,0.0,0.8110508821590507,0.0,395,202,ok,200,200,data/raw/dam_supply_demand_curve_weekly/2026-05-18_2026-05-24/2026-05-19
2026-05-19T08:00:00+03:00,0.0,15308.400000000005,0.0,15901.6,0.0,593.1999999999953,40.00000000014552,1.0000000000218279,41.00000000016735,959.4000000000015,3959.0,0.07444533883382799,0.0,0.8694453388329912,0.0,384,158,ok,200,200,data/raw/dam_supply_demand_curve_weekly/2026-05-18_2026-05-24/2026-05-19
2026-05-19T09:00:00+03:00,0.0,14539.699999999988,0.0,16335.949999999999,0.0,1796.250000000011,40.00000000014552,139.99999999996362,180.00000000010914,975.7000000000007,4228.200000000001,0.21996272025808108,0.0,0.31996272025753536,0.0,384,124,ok,200,200,data/raw/dam_supply_demand_curve_weekly/2026-05-18_2026-05-24/2026-05-19
2026-05-19T10:00:00+03:00,0.0,15207.600000000019,0.0,17655.1,0.0,2447.49999999998,60.00000000021828,100.0,160.00000000021828,984.4000000000015,4251.9000000000015,0.27720035570458385,0.0,0.47720035570349245,0.0,397,121,ok,200,200,data/raw/dam_supply_demand_curve_weekly/2026-05-18_2026-05-24/2026-05-19
2026-05-19T11:00:00+03:00,0.0,16008.79999999999,0.0,18484.85,0.0,2476.0500000000084,79.99999999992724,79.99999999992724,159.99999999985448,990.0999999999985,4240.0999999999985,0.2680627649128883,0.0,0.46806276491361587,0.0,398,121,ok,200,200,data/raw/dam_supply_demand_curve_weekly/2026-05-18_2026-05-24/2026-05-19
2026-05-19T12:00:00+03:00,0.0,16014.399999999996,0.0,19013.35,0.0,2998.9500000000025,90.00000000014552,70.00000000007276,160.00000000021828,993.2000000000007,4219.5999999999985,0.31542574033508036,0.0,0.515425740333989,0.0,410,122,ok,200,200,data/raw/dam_supply_demand_curve_weekly/2026-05-18_2026-05-24/2026-05-19
2026-05-19T13:00:00+03:00,0.0,16117.800000000014,0.0,18857.3,0.0,2739.4999999999854,110.00000000021828,79.99999999992724,190.00000000014552,988.7000000000007,4206.200000000001,0.29055060904795493,0.0,0.34055060904722734,0.0,411,122,ok,200,200,data/raw/dam_supply_demand_curve_weekly/2026-05-18_2026-05-24/2026-05-19
2026-05-19T14:00:00+03:00,0.0,15707.999999999995,0.0,17812.65,0.0,2104.650000000007,129.99999999992724,89.99999999996362,219.99999999989086,974.5,4246.600000000002,0.23642186872812293,0.0,0.23642186872812293,0.0,398,122,ok,200,200,data/raw/dam_supply_demand_curve_weekly/2026-05-18_2026-05-24/2026-05-19
2026-05-19T15:00:00+03:00,0.0,15670.100000000002,0.0,17173.45,0.0,1503.3499999999985,150.0,130.00000000010914,280.00000000010914,968.9000000000015,4226.9000000000015,0.1750201619360116,0.0,0.1750201619360116,0.0,446,183,ok,200,200,data/raw/dam_supply_demand_curve_weekly/2026-05-18_2026-05-24/2026-05-19
2026-05-19T16:00:00+03:00,0.0,17360.09999999999,0.0,17501.85,0.0,141.75000000000728,200.0,0.0,200.0,956.2999999999993,4295.5,0.016358270697097697,0.0,0.016358270697097697,0.0,470,225,ok,200,200,data/raw/dam_supply_demand_curve_weekly/2026-05-18_2026-05-24/2026-05-19
2026-05-19T17:00:00+03:00,171.01,18407.899999999987,171.0051111807078,18409.255966175966,-0.004888819292204971,1.3559661759791197,378.59999999999854,349.7999999999993,728.3999999999978,1188.2640610649214,2639.2440338242814,0.0,0.0,0.0,0.0,467,270,ok,200,200,data/raw/dam_supply_demand_curve_weekly/2026-05-18_2026-05-24/2026-05-19
2026-05-19T18:00:00+03:00,310.01,23484.000000000022,310.00748046462513,23484.082259767663,-0.002519535374858606,0.0822597676415171,14.545454545455883,88.38383838383757,102.92929292929345,386.317926614327,971.5573633090571,2.7884257005791413e-15,0.0,0.0,0.0,518,232,ok,200,200,data/raw/dam_supply_demand_curve_weekly/2026-05-18_2026-05-24/2026-05-19
2026-05-19T19:00:00+03:00,2100.0,26883.09999999999,1910.063949999986,26867.848456280874,-189.9360500000139,-15.251543719117763,0.08540925266903915,0.08896797153024912,0.17437722419928825,10.471752447770996,142.15874681308924,0.0,0.0,0.0,0.0001430116266903866,355,242,ok,200,200,data/raw/dam_supply_demand_curve_weekly/2026-05-18_2026-05-24/2026-05-19
2026-05-19T20:00:00+03:00,4000.01,27194.59999999999,3999.99275862069,27194.50021551724,-0.01724137931023506,-0.0997844827506924,0.33953395339534753,0.1370137013701446,0.4765476547654921,52.61724139537546,1322.0999481833278,0.0,0.6249909482758624,0.0,0.0023827313721028055,351,306,ok,200,200,data/raw/dam_supply_demand_curve_weekly/2026-05-18_2026-05-24/2026-05-19
2026-05-19T21:00:00+03:00,3599.99,26678.199999999983,3559.418181818183,26675.594624865113,-40.57181818181698,-2.6053751348699734,2.8297482074370732,0.08337502084375549,2.9131232282808286,74.04002148434665,292.6707091625394,0.0,0.0742727272727285,0.0,0.011998677884396838,352,303,ok,200,200,data/raw/dam_supply_demand_curve_weekly/2026-05-18_2026-05-24/2026-05-19
2026-05-19T22:00:00+03:00,1725.01,23430.1,1725.009794,23430.079999999838,-0.00020599999993464735,-0.020000000160507625,0.0030448020878516284,2.1783384080033965,2.1813832100912482,168.61502939375714,294.0236648045684,1.3974262684474677e-14,0.0,0.0,0.0009816651734753813,547,261,ok,200,200,data/raw/dam_supply_demand_curve_weekly/2026-05-18_2026-05-24/2026-05-19
2026-05-19T23:00:00+03:00,500.01,22998.100000000002,500.0093544422757,22998.110727969346,-0.0006455577242832078,0.010727969343861332,134.79999999999927,46.5,181.29999999999927,148.6475890985348,408.7892720306663,0.0,0.0,0.0,0.0,441,177,ok,200,200,data/raw/dam_supply_demand_curve_weekly/2026-05-18_2026-05-24/2026-05-19
2026-05-20T00:00:00+03:00,328.01,17542.599999999984,327.9499590163934,17542.834682377048,-0.06004098360659782,0.2346823770640185,0.06000000000130967,58.5,58.56000000000131,291.2908790424226,813.5969815097196,0.0,0.0,0.0,0.0,430,221,ok,200,200,data/raw/dam_supply_demand_curve_weekly/2026-05-18_2026-05-24/2026-05-20
2026-05-20T01:00:00+03:00,250.0,17895.499999999978,250.00194096503648,17895.52970264678,0.0019409650364821118,0.02970264680334367,1121.0000000011141,3470.0000000032287,4591.000000004343,662.6526228079856,1272.5602973532405,0.0,0.0,0.0,0.0,431,220,ok,200,200,data/raw/dam_supply_demand_curve_weekly/2026-05-18_2026-05-24/2026-05-20
2026-05-20T02:00:00+03:00,210.28,17892.399999999987,210.27417822511356,17892.2504780976,-0.005821774886442199,-0.14952190238545882,140.29000000000087,0.0,140.29000000000087,663.8334784808721,1459.7146054891746,0.0,0.0,0.0,0.0,459,222,ok,200,200,data/raw/dam_supply_demand_curve_weekly/2026-05-18_2026-05-24/2026-05-20
2026-05-20T03:00:00+03:00,210.73,17712.299999999992,210.72379157972256,17712.146248432928,-0.0062084202774315145,-0.1537515670643188,14.73309608540911,0.0,14.73309608540911,606.9564179377412,1391.5279484663552,0.0,0.0,0.0,0.0,459,221,ok,200,200,data/raw/dam_supply_demand_curve_weekly/2026-05-18_2026-05-24/2026-05-20
2026-05-20T04:00:00+03:00,299.99,17576.90000000001,299.9945631372549,17576.900435035895,0.004563137254876892,0.0004350358867668547,63.82500000000073,0.0,63.82500000000073,678.2053490198014,1181.7378117649387,0.0,0.0,0.0,0.0,741,223,ok,200,200,data/raw/dam_supply_demand_curve_weekly/2026-05-18_2026-05-24/2026-05-20
2026-05-20T05:00:00+03:00,250.01,17510.999999999996,250.00921987907387,17510.94174900458,-0.0007801209261231179,-0.058250995414709905,12.400000000001455,72.10000000000036,84.50000000000182,716.7726485769199,1331.4482509954432,0.0,0.0,0.0,0.0,458,220,ok,200,200,data/raw/dam_supply_demand_curve_weekly/2026-05-18_2026-05-24/2026-05-20
2026-05-20T06:00:00+03:00,199.01,17212.199999999997,197.9986954319007,17176.653556474994,-1.0113045680992911,-35.54644352500327,14.266666666666502,82.7017543859645,96.96842105263102,689.7977159503498,1899.9976015272478,0.0,0.0,0.0,0.0,462,219,ok,200,200,data/raw/dam_supply_demand_curve_weekly/2026-05-18_2026-05-24/2026-05-20
2026-05-20T07:00:00+03:00,200.0,17123.99999999999,199.99881012972503,17124.103665761926,-0.001189870274970417,0.10366576193700894,16690.500000015247,1385.0000000011141,18075.50000001636,708.3430761591662,1958.4629141580917,0.0,0.0,0.0,0.0,465,218,ok,200,200,data/raw/dam_supply_demand_curve_weekly/2026-05-18_2026-05-24/2026-05-20
2026-05-20T08:00:00+03:00,249.99,17365.100000000002,241.15075982821273,17361.470279000503,-8.839240171787281,-3.6297209994991135,0.28800000000046566,11.819999999999709,12.108000000000175,720.7259890509267,1454.4349770455956,0.0,0.0,0.0,0.0,539,202,ok,200,200,data/raw/dam_supply_demand_curve_weekly/2026-05-18_2026-05-24/2026-05-20
2026-05-20T09:00:00+03:00,200.0,18353.599999999988,200.00239059738422,18354.56321668421,0.0023905973842204276,0.9632166842238803,23840.500000021748,1660.0000000015461,25500.500000023294,841.3658359840483,2035.5869282434833,0.0,0.0,0.0,0.0,539,173,ok,200,200,data/raw/dam_supply_demand_curve_weekly/2026-05-18_2026-05-24/2026-05-20
2026-05-20T10:00:00+03:00,177.0,18504.699999999993,176.07976878612712,18498.421177615346,-0.9202312138728814,-6.278822384647356,10.25,8.350000000000364,18.600000000000364,1343.0704138728324,2728.6540428425724,0.0,0.0,0.0,0.0,592,151,ok,200,200,data/raw/dam_supply_demand_curve_weekly/2026-05-18_2026-05-24/2026-05-20
2026-05-20T11:00:00+03:00,174.99,19063.599999999995,174.99193304535638,19063.60472146172,0.001933045356366847,0.004721461726148846,62.24080267558461,1.170568561872906,63.411371237457516,1539.9799031965995,2991.155691391079,0.0,0.0,0.0,0.0,594,151,ok,200,200,data/raw/dam_supply_demand_curve_weekly/2026-05-18_2026-05-24/2026-05-20
2026-05-20T12:00:00+03:00,128.01,18403.699999999993,125.83144444444443,18436.566424315864,-2.178555555555562,32.86642431587097,2.54468342926386,3.174795516510127,5.719478945773988,2551.5493611111087,4195.771660656366,0.003565351981431465,0.0,0.0,0.0,588,141,ok,200,200,data/raw/dam_supply_demand_curve_weekly/2026-05-18_2026-05-24/2026-05-20
2026-05-20T13:00:00+03:00,169.9,18754.699999999983,169.90154269972453,18764.264738291917,0.0015426997245242546,9.56473829193419,64.50171821305875,104.9484536082468,169.45017182130556,2417.9540802203373,3860.8932925619374,1.4928608823900085e-14,0.0,0.0,0.0,587,150,ok,200,200,data/raw/dam_supply_demand_curve_weekly/2026-05-18_2026-05-24/2026-05-20
2026-05-20T14:00:00+03:00,171.01,19380.499999999993,171.009276,19380.51192000001,-0.0007239999999910651,0.011920000019017607,364.5099999999984,412.2999999999993,776.8099999999977,1598.8005529832262,2983.8108693682443,2.984640615868634e-14,0.0,0.0,0.0,610,149,ok,200,200,data/raw/dam_supply_demand_curve_weekly/2026-05-18_2026-05-24/2026-05-20
2026-05-20T15:00:00+03:00,199.0,19303.1,199.0002067039106,19303.08999999991,0.0002067039106066204,-0.01000000008934876,1551.7333333335578,0.46666666666479717,1552.2000000002226,1159.4353924653005,2504.8600558661346,0.0,0.0,0.0,0.0,609,214,ok,200,200,data/raw/dam_supply_demand_curve_weekly/2026-05-18_2026-05-24/2026-05-20
2026-05-20T16:00:00+03:00,300.0,20648.900000000005,300.0049196141479,20684.977491961392,0.004919614147922857,36.07749196138684,9185.00000000821,7635.0000000067985,16820.000000015007,705.9818649515473,1200.0080064305948,2.356730435601092e-14,0.0,0.0,0.0,634,248,ok,200,200,data/raw/dam_supply_demand_curve_weekly/2026-05-18_2026-05-24/2026-05-20
2026-05-20T17:00:00+03:00,500.01,26970.09999999999,500.0082024535371,26970.41705649023,-0.0017975464629103044,0.317056490239338,130.80999999999767,28.479999999999563,159.28999999999724,153.20134503731242,583.0199944168016,1.4028325744651067e-14,0.0,0.0,0.0,552,294,ok,200,200,data/raw/dam_supply_demand_curve_weekly/2026-05-18_2026-05-24/2026-05-20
2026-05-20T18:00:00+03:00,745.0,28302.999999999978,745.0009078184363,28303.08090781846,0.000907818436303387,0.08090781848295592,0.09800000000007761,3.336666666666618,3.4346666666666956,50.92980564111349,223.7935207328046,0.0,0.0,0.0,0.0,653,247,ok,200,200,data/raw/dam_supply_demand_curve_weekly/2026-05-18_2026-05-24/2026-05-20
2026-05-20T19:00:00+03:00,3190.0,28518.60000000001,3058.746254980077,28519.806433101014,-131.25374501992292,1.2064331010042224,0.13157894736842105,0.0005263157894660253,0.13210526315788707,15.024038461539021,320.85284876094374,8.569633910344026e-05,0.0,0.0,0.000411837168421028,529,268,ok,200,200,data/raw/dam_supply_demand_curve_weekly/2026-05-18_2026-05-24/2026-05-20
2026-05-20T20:00:00+03:00,4245.0,28876.499999999964,4244.767196000001,28834.048553174045,-0.23280399999930523,-42.45144682591854,434.8260869573401,0.0,434.8260869573401,871.4378597968062,949.3999999968073,0.0,0.9309589950000009,0.0,1.0,527,300,ok,200,200,data/raw/dam_supply_demand_curve_weekly/2026-05-18_2026-05-24/2026-05-20
2026-05-20T21:00:00+03:00,4142.01,27988.699999999986,4142.005306666667,27988.030756159722,-0.004693333333307237,-0.6692438402642438,0.6664285714285663,0.0,0.6664285714285663,500.802219406276,1516.7999999998065,0.0,0.8025066333333336,0.0,0.0033321428571428313,548,297,ok,200,200,data/raw/dam_supply_demand_curve_weekly/2026-05-18_2026-05-24/2026-05-20
2026-05-20T22:00:00+03:00,1749.99,24709.699999999975,1749.987274,24709.670000000442,-0.002725999999938722,-0.02999999953317456,7500.000000006821,0.0,7500.000000006821,68.19999181784442,238.22999999911917,3.5776635225127265e-14,0.0,0.0,0.09999490960000003,635,228,ok,200,200,data/raw/dam_supply_demand_curve_weekly/2026-05-18_2026-05-24/2026-05-20
2026-05-20T23:00:00+03:00,500.01,24294.499999999996,500.00978097295683,24294.45944870737,-0.00021902704315834853,-0.040551292626332724,120.71000000000276,36.529999999998836,157.2400000000016,148.19784846909897,400.54055129279004,0.0,0.0,0.0,0.0,613,275,ok,200,200,data/raw/dam_supply_demand_curve_weekly/2026-05-18_2026-05-24/2026-05-20
2026-05-21T00:00:00+03:00,324.99,18189.199999999986,324.4306875753919,18185.150912224868,-0.5593124246080947,-4.049087775118096,10.945000000001528,3.9500000000007276,14.895000000002256,325.438752147551,822.819548082105,0.0,0.0,0.0,0.0,473,331,ok,200,200,data/raw/dam_supply_demand_curve_weekly/2026-05-18_2026-05-24/2026-05-21
2026-05-21T01:00:00+03:00,290.01,18516.399999999994,290.00625846153844,18516.30999999994,-0.003741538461554228,-0.0900000000547152,10.948247078463774,0.06844741235389881,11.016694490817674,800.2319906671,1278.9900000001217,0.0,0.0,0.0,0.0,471,328,ok,200,200,data/raw/dam_supply_demand_curve_weekly/2026-05-18_2026-05-24/2026-05-21
2026-05-21T02:00:00+03:00,250.0,18322.499999999996,250.00012370784611,18322.49722928318,0.0001237078461144847,-0.0027707168155757245,2006.0000000019554,3555.0000000033424,5561.000000005298,861.9678156244736,1442.8027707168549,0.0,0.0,0.0,0.0,505,315,ok,200,200,data/raw/dam_supply_demand_curve_weekly/2026-05-18_2026-05-24/2026-05-21
2026-05-21T03:00:00+03:00,229.0,18134.999999999978,228.99849285714285,18134.989999999994,-0.0015071428571502565,-0.009999999983847374,14.030000000002474,0.07000000000334694,14.10000000000582,760.726507616193,1495.8267369042587,0.0,0.0,0.0,0.0,508,316,ok,200,200,data/raw/dam_supply_demand_curve_weekly/2026-05-18_2026-05-24/2026-05-21
2026-05-21T04:00:00+03:00,300.01,17764.89999999999,300.0081919111816,17763.02478251094,-0.0018080888183931165,-1.8752174890505557,126.14999999999782,0.09999999999854481,126.24999999999636,562.195535289411,1045.549484536048,0.0,0.0,0.0,0.0,508,317,ok,200,200,data/raw/dam_supply_demand_curve_weekly/2026-05-18_2026-05-24/2026-05-21
2026-05-21T05:00:00+03:00,259.95,17936.19999999998,259.9486597938144,17936.17,-0.0013402061856027103,-0.029999999980645953,4.885000000000218,0.06750000000010914,4.952500000000327,782.8329920337455,1337.4242802628287,0.0,0.0,0.0,0.0,509,318,ok,200,200,data/raw/dam_supply_demand_curve_weekly/2026-05-18_2026-05-24/2026-05-21
2026-05-21T06:00:00+03:00,200.0,17552.8,200.0008096258283,17553.152719346333,0.0008096258283103452,0.3527193463341973,15450.000000014052,1705.5000000015802,17155.500000015632,729.1658497334392,1855.6100368690895,1.8652950719068715e-15,0.0,0.0,0.0,510,313,ok,200,200,data/raw/dam_supply_demand_curve_weekly/2026-05-18_2026-05-24/2026-05-21
2026-05-21T07:00:00+03:00,300.0,17370.3,299.9959668508287,17320.64783678288,-0.004033149171277728,-49.65216321712069,12055.000000010892,0.0,12055.000000010892,740.9543093923457,1228.371270718333,0.0,0.0,0.0,0.0,510,314,ok,200,200,data/raw/dam_supply_demand_curve_weekly/2026-05-18_2026-05-24/2026-05-21
2026-05-21T08:00:00+03:00,399.99,17808.99999999999,399.99133810888253,17809.0,0.0013381088825212828,1.0913936421275139e-11,5.499999999999919,0.10062893081751832,5.600628930817438,71.60062750716679,747.4809742115503,2.0427754545969527e-16,0.0,0.0,0.0,514,250,ok,200,200,data/raw/dam_supply_demand_curve_weekly/2026-05-18_2026-05-24/2026-05-21
2026-05-21T09:00:00+03:00,305.0,18488.799999999985,305.00196691729326,18487.99980330836,0.0019669172932594847,-0.8001966916235688,66.03960396039375,1.1881188118819193,67.22772277227567,449.50003456591367,929.199910849904,0.0,0.0,0.0,0.0,513,248,ok,200,200,data/raw/dam_supply_demand_curve_weekly/2026-05-18_2026-05-24/2026-05-21
2026-05-21T10:00:00+03:00,230.0,18744.399999999998,224.94603404563566,18768.042112071198,-5.053965954364344,23.642112071200245,2.774999999999636,69.0,71.77499999999964,742.0429300977921,1545.3454882435544,0.0,0.0,0.0,0.0,566,250,ok,200,200,data/raw/dam_supply_demand_curve_weekly/2026-05-18_2026-05-24/2026-05-21
2026-05-21T11:00:00+03:00,207.01,19308.99999999999,207.00582452830187,19308.8812246046,-0.004175471698118827,-0.11877539538909332,17.689999999999902,0.0,17.689999999999902,974.1146988596374,1946.4939622646452,0.0,0.0,0.0,0.0,566,250,ok,200,200,data/raw/dam_supply_demand_curve_weekly/2026-05-18_2026-05-24/2026-05-21
2026-05-21T12:00:00+03:00,170.01,18646.500000000004,170.00937085230967,18646.56556929073,-0.0006291476903186322,0.06556929072758066,7315.499999996141,4174.9999999978645,11490.499999994005,1812.9326713107075,3135.1344307093714,0.0,0.0,0.0,0.0,569,244,ok,200,200,data/raw/dam_supply_demand_curve_weekly/2026-05-18_2026-05-24/2026-05-21
2026-05-21T13:00:00+03:00,174.99,19012.5,174.99264468503938,19012.606518924647,0.0026446850393710974,0.10651892464738921,34.49163879598686,1.7725752508370884,36.264214046823945,1403.4135508776053,2720.798463854011,0.0,0.0,0.0,0.0,568,251,ok,200,200,data/raw/dam_supply_demand_curve_weekly/2026-05-18_2026-05-24/2026-05-21
2026-05-21T14:00:00+03:00,220.0,19709.49999999998,219.99636333333333,19709.557133333336,-0.003636666666665178,0.057133333353704074,230.00000000013642,3230.500000002967,3460.5000000031037,784.2054999999928,1845.6420678700924,0.0,0.0,0.0,0.0,574,324,ok,200,200,data/raw/dam_supply_demand_curve_weekly/2026-05-18_2026-05-24/2026-05-21
2026-05-21T15:00:00+03:00,300.0,19162.699999999997,299.99224510813593,19078.80298148795,-0.007754891864067304,-83.89701851204882,48.64500000000044,0.0,48.64500000000044,760.2654273945409,1284.490525231624,0.0,0.0,0.0,0.0,601,326,ok,200,200,data/raw/dam_supply_demand_curve_weekly/2026-05-18_2026-05-24/2026-05-21
2026-05-21T16:00:00+03:00,500.01,20647.30000000001,500.00946963927163,20647.453065152742,-0.0005303607283622114,0.1530651527318696,135.11000000000058,32.340000000000146,167.45000000000073,183.36922938441057,907.4206074220783,1.233365276060193e-14,0.0,0.0,0.0,567,323,ok,200,200,data/raw/dam_supply_demand_curve_weekly/2026-05-18_2026-05-24/2026-05-21
2026-05-21T17:00:00+03:00,2900.0,27682.10000000002,2796.908049999999,27676.686894125975,-103.0919500000009,-5.413105874045868,0.031643566862856735,0.3480792354914241,0.37972280235428085,7.925058414632076,103.06360173052963,0.0,0.0,0.0,0.000984931118283651,488,244,ok,200,200,data/raw/dam_supply_demand_curve_weekly/2026-05-18_2026-05-24/2026-05-21
2026-05-21T18:00:00+03:00,3900.0,28744.599999999966,3893.1742424242407,28740.490268304187,-6.825757575759326,-4.109731695778464,0.3595833333332242,0.0,0.3595833333332242,32.29070831535137,1249.3590416420338,0.0,0.49146780303030085,0.0,0.0017210911426762438,486,329,ok,200,200,data/raw/dam_supply_demand_curve_weekly/2026-05-18_2026-05-24/2026-05-21
2026-05-21T19:00:00+03:00,4000.01,29455.899999999998,3999.63972972973,29449.739668981172,-0.3702702702703391,-6.160331018825673,0.5562405809014751,1.3700506918756035,1.9262912727770787,325.6825657331574,1361.3737034331643,0.0,0.6245496621621623,0.0,0.00963006839293047,446,371,ok,200,200,data/raw/dam_supply_demand_curve_weekly/2026-05-18_2026-05-24/2026-05-21
2026-05-21T20:00:00+03:00,4300.01,29830.199999999983,4300.005841142857,29793.800693140645,-0.004158857143011119,-36.39930685933723,14.12217556488696,0.0,14.12217556488696,372.8157142898235,449.10000000442597,0.0,1.0,0.0,0.0706108778244348,445,367,ok,200,200,data/raw/dam_supply_demand_curve_weekly/2026-05-18_2026-05-24/2026-05-21
2026-05-21T21:00:00+03:00,4233.0,29020.600000000013,4200.00353,29002.948235176482,-32.996470000000045,-17.651764823531266,4474.99999990232,4999.999999890861,9474.99999979318,387.1199999914679,1021.0,0.0,0.8750044124999999,0.0,1.0,444,301,ok,200,200,data/raw/dam_supply_demand_curve_weekly/2026-05-18_2026-05-24/2026-05-21
2026-05-21T22:00:00+03:00,3600.0,25465.800000000003,3597.90306590258,25462.985458792216,-2.096934097420217,-2.814541207786533,0.8035714285713957,0.0,0.8035714285713957,11.402074934976554,485.65503520076527,0.0,0.12237883237822472,0.0,0.0033716299273432943,490,352,ok,200,200,data/raw/dam_supply_demand_curve_weekly/2026-05-18_2026-05-24/2026-05-21
2026-05-21T23:00:00+03:00,2700.0,24796.300000000003,2699.996819306931,24791.015299582563,-0.0031806930692255264,-5.284700417440035,0.8772245550890307,0.0,0.8772245550890307,19.789999999389693,242.79909399111057,0.0,0.0,0.0,0.0021053333518495487,654,436,ok,200,200,data/raw/dam_supply_demand_curve_weekly/2026-05-18_2026-05-24/2026-05-21
2026-05-22T00:00:00+03:00,1650.0,18139.799999999992,1649.9964,18148.798199639925,-0.0036000000000058208,8.998199639932864,1.0869565217391304,0.0032608695651699395,1.0902173913043003,123.0000000000473,266.98000000004686,0.0009916028092819868,0.0,0.0,0.0003270573678260727,427,203,ok,200,200,data/raw/dam_supply_demand_curve_weekly/2026-05-18_2026-05-24/2026-05-22
2026-05-22T01:00:00+03:00,500.0,17197.999999999993,499.99581169955,17196.200089749276,-0.004188300449982307,-1.7999102507164935,9989.50000000913,1060.0000000010004,11049.50000001013,229.38214429854997,579.2790584977884,0.0,0.0,0.0,0.0,425,202,ok,200,200,data/raw/dam_supply_demand_curve_weekly/2026-05-18_2026-05-24/2026-05-22
2026-05-22T02:00:00+03:00,399.99,17020.000000000004,372.81392886683176,17015.79841405154,-27.17607113316825,-4.201585948463617,0.06444444444463847,2.6222222222220606,2.686666666666699,69.32523482953548,555.4510381070068,0.0,0.0,0.0,0.0,460,203,ok,200,200,data/raw/dam_supply_demand_curve_weekly/2026-05-18_2026-05-24/2026-05-22
2026-05-22T03:00:00+03:00,349.99,16800.200000000004,349.9917679814385,16783.817640039677,0.0017679814384905512,-16.38235996032745,5670.000000005048,0.0,5670.000000005048,250.25197215793742,747.8980919361093,0.0,0.0,0.0,0.0,462,201,ok,200,200,data/raw/dam_supply_demand_curve_weekly/2026-05-18_2026-05-24/2026-05-22
2026-05-22T04:00:00+03:00,331.51,16743.999999999993,329.9928674033149,16729.27358819622,-1.5171325966850873,-14.726411803771043,9.296482412060259,11.608040201004242,20.9045226130645,355.09985734810107,851.7965981170637,0.0,0.0,0.0,0.0,461,202,ok,200,200,data/raw/dam_supply_demand_curve_weekly/2026-05-18_2026-05-24/2026-05-22
2026-05-22T05:00:00+03:00,300.01,17058.499999999996,300.0069784892446,17082.411655827884,-0.00302151075538859,23.911655827887444,120.15999999999985,79.89999999999782,200.05999999999767,589.7511505754519,1078.0352176089473,0.0,0.0,0.0,0.0,462,202,ok,200,200,data/raw/dam_supply_demand_curve_weekly/2026-05-18_2026-05-24/2026-05-22
2026-05-22T06:00:00+03:00,190.0,16809.9,189.99528225547493,16809.82825765843,-0.0047177445250667915,-0.07174234156991588,1635.5000000014438,6875.000000006253,8510.500000007696,792.7279870524108,2074.0717423415117,6.9254319581698804e-15,0.0,0.0,0.0,463,199,ok,200,200,data/raw/dam_supply_demand_curve_weekly/2026-05-18_2026-05-24/2026-05-22
2026-05-22T07:00:00+03:00,189.99,16758.000000000004,189.9902344101214,16757.91675550703,0.00023441012137936923,-0.08324449297288083,7.379591836734655,25.179591836734872,32.559183673469526,963.7377514210384,2234.2832444929663,2.1709015864971348e-16,0.0,0.0,0.0,463,203,ok,200,200,data/raw/dam_supply_demand_curve_weekly/2026-05-18_2026-05-24/2026-05-22
2026-05-22T08:00:00+03:00,196.01,17520.899999999998,196.00954654757814,17520.929546547588,-0.0004534524218513525,0.029546547590143746,0.29500000000007276,29.534999999999854,29.829999999999927,995.0911250688368,2255.570453452423,0.0,0.0,0.0,0.0,463,250,ok,200,200,data/raw/dam_supply_demand_curve_weekly/2026-05-18_2026-05-24/2026-05-22
2026-05-22T09:00:00+03:00,189.99,18504.99999999999,189.99081304990045,18504.909486224446,0.0008130499004437297,-0.09051377554351347,7.379591836734655,25.61428571428536,32.99387755102001,1278.1452199075793,2587.290513775646,0.0,0.0,0.0,0.0,461,250,ok,200,200,data/raw/dam_supply_demand_curve_weekly/2026-05-18_2026-05-24/2026-05-22
2026-05-22T10:00:00+03:00,169.91,18962.699999999993,169.90824616377125,18989.926215381784,-0.0017538362287439213,27.226215381790098,688.8888888888628,1722.5555555554774,2411.44444444434,1748.1312028919783,3090.2737846182245,0.0,0.0,0.0,0.0,467,197,ok,200,200,data/raw/dam_supply_demand_curve_weekly/2026-05-18_2026-05-24/2026-05-22
2026-05-22T11:00:00+03:00,170.0,19331.699999999997,170.00313079470197,19331.669536423782,0.0031307947019740823,-0.03046357621497009,7490.000000006776,295.5000000002615,7785.500000007038,1696.9138727620702,3035.5304635762805,0.0,0.0,0.0,0.0,470,216,ok,200,200,data/raw/dam_supply_demand_curve_weekly/2026-05-18_2026-05-24/2026-05-22
2026-05-22T12:00:00+03:00,20.0,18507.399999999998,19.99975024975025,18507.575062092255,-0.0002497502497504911,0.1750620922575763,499.99999999992184,1.0000000000216716,500.9999999999435,802.2497502497499,4133.593331035852,1.3487703449821664e-05,0.0,8.092689441039101e-06,0.0,459,214,ok,200,200,data/raw/dam_supply_demand_curve_weekly/2026-05-18_2026-05-24/2026-05-22
2026-05-22T13:00:00+03:00,60.01,18501.4,60.007741726990695,18544.981325,-0.0022582730093034797,43.5813249999992,19.34967483741868,0.29414707353663744,19.643821910955317,520.8499999998749,3734.507525114601,0.004705459038794722,0.0,0.0,0.0,459,215,ok,200,200,data/raw/dam_supply_demand_curve_weekly/2026-05-18_2026-05-24/2026-05-22
2026-05-22T14:00:00+03:00,199.99,18410.79999999999,199.99025823411165,18404.10878956318,0.00025823411164083154,-6.691210436809342,196.7373737373687,0.0,196.7373737373687,954.4306942941366,2260.724663677229,0.0,0.0,0.0,0.0,474,217,ok,200,200,data/raw/dam_supply_demand_curve_weekly/2026-05-18_2026-05-24/2026-05-22
2026-05-22T15:00:00+03:00,228.99,18608.599999999995,223.23175265170647,18598.279936297196,-5.758247348293537,-10.320063702798507,18.094999999999345,69.0,87.09499999999935,605.6090374485902,1470.2712894148208,0.0,0.0,0.0,0.0,547,295,ok,200,200,data/raw/dam_supply_demand_curve_weekly/2026-05-18_2026-05-24/2026-05-22
2026-05-22T16:00:00+03:00,376.63,24325.500000000007,376.6343793103448,24325.549999999996,0.004379310344802434,0.04999999998835847,4.593749999998051,0.18749999999841238,4.781249999996463,67.88282040662307,502.05000000000655,0.0,0.0,0.0,0.0,522,316,ok,200,200,data/raw/dam_supply_demand_curve_weekly/2026-05-18_2026-05-24/2026-05-22
2026-05-22T17:00:00+03:00,2567.0,27648.999999999993,2567.0012673469387,27645.8357283178,0.0012673469386754732,-3.164271682191611,8.607550482879548,0.0,8.607550482879548,85.85418779928295,152.03797562364707,0.0,0.0,0.0,0.018368534547970463,586,240,ok,200,200,data/raw/dam_supply_demand_curve_weekly/2026-05-18_2026-05-24/2026-05-22
2026-05-22T18:00:00+03:00,2567.0,27619.900000000016,2567.0001346938775,27616.73575700381,0.00013469387749864836,-3.164242996204848,8.607550482879548,0.0,8.607550482879548,124.9541845789754,207.75937814883582,0.0,0.0,0.0,0.018368515049233654,567,297,ok,200,200,data/raw/dam_supply_demand_curve_weekly/2026-05-18_2026-05-24/2026-05-22
2026-05-22T19:00:00+03:00,4000.01,28278.300000000014,4000.0050181818183,28275.49997992726,-0.004981818181931885,-2.8000200727547053,0.6986672956716786,0.0,0.6986672956716786,443.2454545466062,1506.900000000027,0.0,0.6250062727272728,0.0,0.003493336478358393,537,299,ok,200,200,data/raw/dam_supply_demand_curve_weekly/2026-05-18_2026-05-24/2026-05-22
2026-05-22T20:00:00+03:00,4300.01,28499.900000000012,4300.008075035461,28483.10048120877,-0.0019249645392847015,-16.799518791242008,7.1381138113811335,0.3000300030003007,7.4381438143814345,224.83325235585653,267.2000000166081,0.0,1.0,0.0,0.03719071907190717,536,295,ok,200,200,data/raw/dam_supply_demand_curve_weekly/2026-05-18_2026-05-24/2026-05-22
2026-05-22T21:00:00+03:00,4200.0,27710.39999999998,4139.99416,27623.734431093617,-60.00583999999981,-86.66556890636275,3.896153846153678,0.0,3.896153846153678,169.66249941458227,1123.3999999984007,0.0,0.7999927000000002,0.0,0.019480769230768392,537,292,ok,200,200,data/raw/dam_supply_demand_curve_weekly/2026-05-18_2026-05-24/2026-05-22
2026-05-22T22:00:00+03:00,3249.99,24093.3,3210.0080000000003,24087.950236928922,-39.981999999999516,-5.349763071077177,2.96,0.0,2.96,97.85853164556829,357.8024941176445,0.0,0.0,0.0,0.010123247360000002,560,332,ok,200,200,data/raw/dam_supply_demand_curve_weekly/2026-05-18_2026-05-24/2026-05-22
2026-05-22T23:00:00+03:00,1727.1,23455.100000000006,1727.0994900763358,23461.819474388227,-0.000509923664139933,6.719474388220988,12.53588516746406,0.003349282296636778,12.539234449760697,95.27473317611657,221.56000000047788,0.0005693909967656827,0.0,0.0,0.005695307498976555,479,417,ok,200,200,data/raw/dam_supply_demand_curve_weekly/2026-05-18_2026-05-24/2026-05-22
2026-05-23T00:00:00+03:00,1485.0,21167.1,1431.688361669241,21158.967852224006,-53.311638330759024,-8.132147775992053,0.05819999999999709,0.33,0.3881999999999971,32.714343511514016,222.55855721820262,0.0,0.0,0.0,0.0,448,199,ok,200,200,data/raw/dam_supply_demand_curve_weekly/2026-05-18_2026-05-24/2026-05-23
2026-05-23T01:00:00+03:00,315.0,17803.099999999988,315.00048024913946,17797.108309009393,0.0004802491394571007,-5.991690990595089,15.413965087282158,1.7456359102244428,17.1596009975066,408.9000096051568,936.8961571253458,0.0,0.0,0.0,0.0,416,196,ok,200,200,data/raw/dam_supply_demand_curve_weekly/2026-05-18_2026-05-24/2026-05-23
2026-05-23T02:00:00+03:00,315.01,17358.300000000003,315.0090460580233,17357.700832617702,-0.0009539419767179425,-0.5991673823009478,12.424849699398775,4.348697394789717,16.773547094188494,353.13814473689126,874.2970143929379,0.0,0.0,0.0,0.0,451,203,ok,200,200,data/raw/dam_supply_demand_curve_weekly/2026-05-18_2026-05-24/2026-05-23
2026-05-23T03:00:00+03:00,303.99,16635.69999999999,303.6347,16629.35516161617,-0.3552999999999997,-6.344838383818569,19.206349206347035,43.492063492066116,62.69841269841315,459.7561551999788,981.7627490377017,0.0,0.0,0.0,0.0,451,197,ok,200,200,data/raw/dam_supply_demand_curve_weekly/2026-05-18_2026-05-24/2026-05-23
2026-05-23T04:00:00+03:00,302.99,16551.20000000001,301.00267622702484,16555.45666784488,-1.9873237729751736,4.256667844867479,0.15999999999985448,49.5,49.659999999999854,490.2405885353219,1011.7199055439232,0.0,0.0,0.0,0.0,452,198,ok,200,200,data/raw/dam_supply_demand_curve_weekly/2026-05-18_2026-05-24/2026-05-23
2026-05-23T05:00:00+03:00,240.01,16569.600000000006,239.62296072507564,16569.705753028677,-0.38703927492434786,0.10575302867073333,0.016611295680821446,16.478405315614186,16.495016611295007,733.4708761329312,1403.7662839879158,0.0,0.0,0.0,0.0,453,196,ok,200,200,data/raw/dam_supply_demand_curve_weekly/2026-05-18_2026-05-24/2026-05-23
2026-05-23T06:00:00+03:00,171.0,16375.499999999998,171.00473780760626,16375.494192393726,0.004737807606261413,-0.00580760627235577,10940.500000009924,13910.000000012597,24850.50000002252,1000.841596343209,2346.1058076062327,4.776438709788846e-15,0.0,0.0,0.0,453,191,ok,200,200,data/raw/dam_supply_demand_curve_weekly/2026-05-18_2026-05-24/2026-05-23
2026-05-23T07:00:00+03:00,100.0,16331.60000000001,99.99535685320356,16331.581386861313,-0.004643146796439623,-0.01861313869630976,1304.9999999993506,2240.999999998839,3545.9999999981897,1160.8972424978365,3353.4885223590336,0.0,0.0,0.0,0.0,454,168,ok,200,200,data/raw/dam_supply_demand_curve_weekly/2026-05-18_2026-05-24/2026-05-23
2026-05-23T08:00:00+03:00,40.0,16475.600000000002,40.0017546346783,16475.26260116477,0.0017546346782992828,-0.33739883523230674,73.3760000000002,0.0,73.3760000000002,766.9400281022281,4129.568070270805,0.0,0.0,0.12660178211384931,0.0,447,162,ok,200,200,data/raw/dam_supply_demand_curve_weekly/2026-05-18_2026-05-24/2026-05-23
2026-05-23T09:00:00+03:00,0.0,16676.2,0.0,16794.5,0.0,118.29999999999927,11.818181818175203,10.909090909097523,22.727272727272727,793.5999999999985,4460.799999999999,0.014254666706362289,0.0,0.9006183030699987,0.0,339,144,ok,200,200,data/raw/dam_supply_demand_curve_weekly/2026-05-18_2026-05-24/2026-05-23
2026-05-23T10:00:00+03:00,0.0,17427.10000000001,0.0,17696.699999999997,0.0,269.59999999998763,11.818181818208275,10.909090909097523,22.7272727273058,798.6000000000022,4538.100000000002,0.030615877536489818,0.0,0.9169795138999609,0.0,417,143,ok,200,200,data/raw/dam_supply_demand_curve_weekly/2026-05-18_2026-05-24/2026-05-23
2026-05-23T11:00:00+03:00,0.0,17930.800000000003,0.0,18105.5,0.0,174.6999999999971,11.818181818175203,10.909090909064451,22.727272727239654,804.5999999999985,4516.299999999999,0.01943055977465427,0.0,0.9057941961384559,0.0,413,142,ok,200,200,data/raw/dam_supply_demand_curve_weekly/2026-05-18_2026-05-24/2026-05-23
2026-05-23T12:00:00+03:00,0.0,17439.799999999985,0.0,18288.9,0.0,849.1000000000167,11.818181818175203,9.090909090909092,20.909090909084295,804.5999999999985,4558.0999999999985,0.09290881354264065,0.0,0.9883633589972193,0.0,428,141,ok,200,200,data/raw/dam_supply_demand_curve_weekly/2026-05-18_2026-05-24/2026-05-23
2026-05-23T13:00:00+03:00,0.0,17364.299999999996,0.0,17838.800000000003,0.0,474.5000000000073,11.818181818175203,9.090909090909092,20.909090909084295,803.6999999999971,4599.0,0.05315379958293162,0.0,0.9486083450375102,0.0,430,140,ok,200,200,data/raw/dam_supply_demand_curve_weekly/2026-05-18_2026-05-24/2026-05-23
2026-05-23T14:00:00+03:00,0.0,17456.599999999988,0.0,17599.15,0.0,142.55000000001382,11.818181818208275,10.000000000019844,21.81818181822812,803.6000000000022,4579.5,0.016415565524471227,0.0,0.9073246564333306,0.0,416,141,ok,200,200,data/raw/dam_supply_demand_curve_weekly/2026-05-18_2026-05-24/2026-05-23
2026-05-23T15:00:00+03:00,19.99,17176.1,12.920130434782397,17183.594374090106,-7.069869565217601,7.494374090107158,2.9663147310206135,0.9703368526899402,3.9366515837105536,780.3130434782615,4781.901816180518,0.0012109811600971992,0.0,0.7278983990488295,0.0,416,151,ok,200,200,data/raw/dam_supply_demand_curve_weekly/2026-05-18_2026-05-24/2026-05-23
2026-05-23T16:00:00+03:00,170.99,17558.199999999997,170.0127628458498,17558.609090909093,-0.9772371541502025,0.40909090909553925,8655.499999995602,3829.9999999981496,12485.499999993752,1887.4907561420587,3367.2700000000004,0.0,0.0,0.0,0.0,526,213,ok,200,200,data/raw/dam_supply_demand_curve_weekly/2026-05-18_2026-05-24/2026-05-23
2026-05-23T17:00:00+03:00,229.99,17582.699999999997,224.1927312902992,17579.8870677182,-5.797268709700802,-2.8129322817985667,6.664999999999054,69.0,75.66499999999905,936.3517641092512,1697.612019126278,0.0,0.0,0.0,0.0,572,182,ok,200,200,data/raw/dam_supply_demand_curve_weekly/2026-05-18_2026-05-24/2026-05-23
2026-05-23T18:00:00+03:00,303.01,22775.700000000015,303.00867651235444,22775.65078670832,-0.0013234876455499034,-0.04921329169519595,19.68253968253636,36.46031746031957,56.14285714285593,430.0093868219192,975.1893314871522,6.389242338075902e-16,0.0,0.0,0.0,438,279,ok,200,200,data/raw/dam_supply_demand_curve_weekly/2026-05-18_2026-05-24/2026-05-23
2026-05-23T19:00:00+03:00,1499.99,26204.700000000023,1498.5685714285714,26204.60715714286,-1.421428571428578,-0.09284285716421437,7.1,0.010000000000218279,7.110000000000218,55.099999999998545,231.56614718614583,0.0,0.0,0.0,0.0,418,285,ok,200,200,data/raw/dam_supply_demand_curve_weekly/2026-05-18_2026-05-24/2026-05-23
2026-05-23T20:00:00+03:00,4127.0,26433.399999999987,4126.99745,26432.955508924948,-0.0025500000001557055,-0.4444910750389681,0.8192307692308811,0.0,0.8192307692308811,52.25019079755293,1061.5000000001019,0.0,0.7837468124999998,0.0,0.004096153846154405,413,328,ok,200,200,data/raw/dam_supply_demand_curve_weekly/2026-05-18_2026-05-24/2026-05-23
2026-05-23T21:00:00+03:00,3023.61,25777.999999999985,2988.0806622516607,25778.466594869158,-35.52933774833946,0.4665948691726953,0.08252427184466614,0.16181229773462796,0.24433656957929412,15.454743426118512,151.8158940397334,0.0,0.0,0.0,0.0007271850485437099,413,324,ok,200,200,data/raw/dam_supply_demand_curve_weekly/2026-05-18_2026-05-24/2026-05-23
2026-05-23T22:00:00+03:00,520.0,22711.10000000001,513.3267500000001,22711.49924050633,-6.673249999999939,0.39924050632180297,2.2857142857142856,2.857142857142857,5.142857142857142,140.6555555555533,434.30228134827485,0.0,0.0,0.0,0.0,509,295,ok,200,200,data/raw/dam_supply_demand_curve_weekly/2026-05-18_2026-05-24/2026-05-23
2026-05-23T23:00:00+03:00,300.01,22378.100000000006,300.0090038855528,22380.47333097818,-0.0009961144472185879,2.3733309781746357,240.2599999999984,43.12999999999738,283.3899999999958,517.1077039921875,1005.5401271642404,0.0,0.0,0.0,0.0,427,304,ok,200,200,data/raw/dam_supply_demand_curve_weekly/2026-05-18_2026-05-24/2026-05-23
2026-05-24T00:00:00+03:00,310.01,16102.699999999993,310.00528403361346,16102.774151260457,-0.0047159663865272705,0.07415126046362275,9.595959595959508,72.62626262626159,82.2222222222211,525.7259877824454,1017.026286631828,8.585054560841866e-15,0.0,0.0,0.0,510,180,ok,200,200,data/raw/dam_supply_demand_curve_weekly/2026-05-18_2026-05-24/2026-05-24
2026-05-24T01:00:00+03:00,300.0,15461.399999999994,299.99212740384615,15430.819300727702,-0.00787259615384528,-30.580699272291895,41.67999999999938,0.0,41.67999999999938,887.8512019230802,1414.9739182686208,0.0,0.0,0.0,0.0,512,181,ok,200,200,data/raw/dam_supply_demand_curve_weekly/2026-05-18_2026-05-24/2026-05-24
2026-05-24T02:00:00+03:00,300.0,15342.300000000008,299.9968437747819,15337.10323202498,-0.0031562252181061012,-5.196767975028706,17950.000000016327,2300.000000002092,20250.00000001842,897.607692307829,1437.3543219661588,0.0,0.0,0.0,0.0,548,181,ok,200,200,data/raw/dam_supply_demand_curve_weekly/2026-05-18_2026-05-24/2026-05-24
2026-05-24T03:00:00+03:00,300.0,15147.099999999997,299.99821570182394,15144.100369423526,-0.0017842981760622934,-2.999630576470736,18305.000000016666,1985.0000000018417,20290.000000018506,896.6895321174306,1440.1183980967762,0.0,0.0,0.0,0.0,550,178,ok,200,200,data/raw/dam_supply_demand_curve_weekly/2026-05-18_2026-05-24/2026-05-24
2026-05-24T04:00:00+03:00,252.01,15040.300000000007,252.0035409704585,15029.537254469995,-0.006459029541503014,-10.76274553001167,38.32999999999993,10.349999999999454,48.67999999999938,942.0888342804301,1530.3000000000284,0.0,0.0,0.0,0.0,551,177,ok,200,200,data/raw/dam_supply_demand_curve_weekly/2026-05-18_2026-05-24/2026-05-24
2026-05-24T05:00:00+03:00,252.01,14912.800000000001,252.00424214295185,14902.089103939314,-0.0057578570481382485,-10.710896060687446,38.63000000000011,10.299999999999272,48.92999999999938,954.1888795943232,1534.000000000051,0.0,0.0,0.0,0.0,551,176,ok,200,200,data/raw/dam_supply_demand_curve_weekly/2026-05-18_2026-05-24/2026-05-24
2026-05-24T06:00:00+03:00,174.99,14589.900000000003,174.99077374561594,14557.475599743368,0.0007737456159304656,-32.424400256635636,47.22408026755802,16.387959866220687,63.612040133778706,1135.499815474739,2566.499999999827,0.0,0.0,0.0,0.0,549,174,ok,200,200,data/raw/dam_supply_demand_curve_weekly/2026-05-18_2026-05-24/2026-05-24
2026-05-24T07:00:00+03:00,38.01,14580.400000000007,38.006106202723146,14580.564689863848,-0.00389379727685224,0.1646898638409766,165.02000000000044,0.5600000000004002,165.58000000000084,156.5955185700168,3758.233521769582,3.742631596724891e-16,0.0,0.04128298245022601,0.0,551,170,ok,200,200,data/raw/dam_supply_demand_curve_weekly/2026-05-18_2026-05-24/2026-05-24
2026-05-24T08:00:00+03:00,0.0,13822.599999999997,0.0,14947.35,0.0,1124.7500000000036,2179.9999999999272,820.0000000000728,3000.0,811.6400000000012,4380.699999999999,0.15056180526983043,0.0,0.15056180526983043,0.0,536,145,ok,200,200,data/raw/dam_supply_demand_curve_weekly/2026-05-18_2026-05-24/2026-05-24
2026-05-24T09:00:00+03:00,0.0,12860.099999999999,0.0,15389.95,0.0,2529.850000000002,2600.0,930.0000000001091,3530.000000000109,820.8899999999994,4569.0,0.32894843712942534,0.0,0.32894843712942534,0.0,488,139,ok,200,200,data/raw/dam_supply_demand_curve_weekly/2026-05-18_2026-05-24/2026-05-24
2026-05-24T10:00:00+03:00,0.0,12820.600000000008,0.0,16209.25,0.0,3388.6499999999924,2970.0000000000728,1010.0000000000364,3980.000000000109,828.5400000000009,4700.200000000001,0.41807609852399086,0.0,0.41807609852399086,0.0,495,138,ok,200,200,data/raw/dam_supply_demand_curve_weekly/2026-05-18_2026-05-24/2026-05-24
2026-05-24T11:00:00+03:00,0.0,14163.30000000001,0.0,17575.1,0.0,3411.7999999999884,3289.9999999997817,519.9999999998909,3809.9999999996726,852.5399999999972,4770.0,0.3883107350740538,0.0,0.3883107350740538,0.0,496,137,ok,200,200,data/raw/dam_supply_demand_curve_weekly/2026-05-18_2026-05-24/2026-05-24
2026-05-24T12:00:00+03:00,0.0,14268.80000000001,0.0,18014.05,0.0,3745.249999999989,3579.9999999999272,50.0,3629.9999999999272,863.1399999999994,4834.5,0.4158365275992906,0.0,0.4158365275992906,0.0,512,136,ok,200,200,data/raw/dam_supply_demand_curve_weekly/2026-05-18_2026-05-24/2026-05-24
2026-05-24T13:00:00+03:00,0.0,14626.800000000025,0.0,18165.65,0.0,3538.8499999999767,3829.9999999999272,50.0,3879.9999999999272,868.2400000000016,4923.4000000000015,0.38954290102473615,0.0,0.38954290102473615,0.0,511,136,ok,200,200,data/raw/dam_supply_demand_curve_weekly/2026-05-18_2026-05-24/2026-05-24
2026-05-24T14:00:00+03:00,0.0,14141.500000000016,0.0,17487.55,0.0,3346.049999999983,4070.0000000000728,50.0,4120.000000000073,873.4399999999987,4968.0,0.38260934207479036,0.0,0.38260934207479036,0.0,496,198,ok,200,200,data/raw/dam_supply_demand_curve_weekly/2026-05-18_2026-05-24/2026-05-24
2026-05-24T15:00:00+03:00,0.0,13936.1,0.0,16979.1,0.0,3042.999999999998,4270.000000000073,4000.0,8270.000000000073,875.880000000001,5310.9000000000015,0.35846422955280316,0.0,0.35846422955280316,0.0,495,199,ok,200,200,data/raw/dam_supply_demand_curve_weekly/2026-05-18_2026-05-24/2026-05-24
2026-05-24T16:00:00+03:00,0.0,14778.49999999999,0.0,16514.6,0.0,1736.1000000000076,4329.999999999927,4000.0,8329.999999999927,875.2000000000007,5644.5999999999985,0.21034720792510866,0.0,0.21034720792510866,0.0,551,147,ok,200,200,data/raw/dam_supply_demand_curve_weekly/2026-05-18_2026-05-24/2026-05-24
2026-05-24T17:00:00+03:00,0.0,16904.399999999987,0.0,16997.699999999997,0.0,93.30000000001019,4320.000000000073,929.9999999999272,5250.0,890.0,5303.200000000001,0.011189749201362582,0.0,0.011189749201362582,0.0,596,281,ok,200,200,data/raw/dam_supply_demand_curve_weekly/2026-05-18_2026-05-24/2026-05-24
2026-05-24T18:00:00+03:00,169.9,17568.699999999993,169.9029385620915,17586.899084967445,0.002938562091486574,18.1990849674512,1735.5454545456864,2218.1818181821163,3953.7272727278028,2363.86803222611,3816.73077637357,0.0,0.0,0.0,0.0,539,280,ok,200,200,data/raw/dam_supply_demand_curve_weekly/2026-05-18_2026-05-24/2026-05-24
2026-05-24T19:00:00+03:00,210.0,18050.299999999985,210.00145188711323,18050.153043726394,0.0014518871132338518,-0.14695627359105856,19.663333333333867,0.0,19.663333333333867,986.7902550152867,1930.541078858325,0.0,0.0,0.0,0.0,654,291,ok,200,200,data/raw/dam_supply_demand_curve_weekly/2026-05-18_2026-05-24/2026-05-24
2026-05-24T20:00:00+03:00,1199.0,20545.49999999997,1199.0026733524355,20545.636400091178,0.002673352435522247,0.13640009120717878,0.0,1745.0000000016598,1745.0000000016598,76.79999999999927,159.29999999999927,1.3277767454062484e-05,0.0,0.0,0.0,539,361,ok,200,200,data/raw/dam_supply_demand_curve_weekly/2026-05-18_2026-05-24/2026-05-24
2026-05-24T21:00:00+03:00,800.01,20266.4,800.0086658031088,20266.884974093264,-0.0013341968912072844,0.4849740932622808,1.7818181818180496,1.7345454545452825,3.516363636363332,51.847927461167274,291.9150259067683,0.0,0.0,0.0,0.0,541,359,ok,200,200,data/raw/dam_supply_demand_curve_weekly/2026-05-18_2026-05-24/2026-05-24
2026-05-24T22:00:00+03:00,240.07,18178.399999999994,240.01,18178.33,-0.060000000000002274,-0.069999999992433,0.3099999999998545,14.569999999999709,14.879999999999564,910.0999999999985,1668.2699999999968,0.0,0.0,0.0,0.0,536,285,ok,200,200,data/raw/dam_supply_demand_curve_weekly/2026-05-18_2026-05-24/2026-05-24
2026-05-24T23:00:00+03:00,175.0,16822.499999999996,174.9991811691776,16822.922842153268,-0.0008188308223964214,0.4228421532716311,17665.50000001595,3240.0000000030923,20905.50000001904,1020.139556928345,2398.8151437311462,0.0,0.0,0.0,0.0,549,270,ok,200,200,data/raw/dam_supply_demand_curve_weekly/2026-05-18_2026-05-24/2026-05-24
