entsoe_code,plant_name,fuel_type,delivery_hour,publication_timestamp,kgup_mwh,source_file,source_api,forecast_timestamp,uevcb_id,uevcb_name,org_id,date_raw,time_raw
40X000000010930F,K3 OSMANGAZİ ELEKTRİK PERAKENDE SATIŞ A.Ş.,unknown,2026-05-31 00:00:00+03:00,,0.0,chunk_0084.json,POST /v1/generation/data/dpp-bulk,2026-05-31 21:42:51.235000+00:00,5015095,LÜM_SAATLİK_OSMANGAZİ_BİYOKÜTLE,10930,2026-05-31T00:00:00+03:00,00:00
40X000000010930F,K3 OSMANGAZİ ELEKTRİK PERAKENDE SATIŞ A.Ş.,unknown,2026-05-31 01:00:00+03:00,,0.0,chunk_0084.json,POST /v1/generation/data/dpp-bulk,2026-05-31 21:42:51.235000+00:00,5015095,LÜM_SAATLİK_OSMANGAZİ_BİYOKÜTLE,10930,2026-05-31T01:00:00+03:00,01:00
40X000000010930F,K3 OSMANGAZİ ELEKTRİK PERAKENDE SATIŞ A.Ş.,unknown,2026-05-31 02:00:00+03:00,,0.0,chunk_0084.json,POST /v1/generation/data/dpp-bulk,2026-05-31 21:42:51.235000+00:00,5015095,LÜM_SAATLİK_OSMANGAZİ_BİYOKÜTLE,10930,2026-05-31T02:00:00+03:00,02:00
40X000000010930F,K3 OSMANGAZİ ELEKTRİK PERAKENDE SATIŞ A.Ş.,unknown,2026-05-31 03:00:00+03:00,,0.0,chunk_0084.json,POST /v1/generation/data/dpp-bulk,2026-05-31 21:42:51.235000+00:00,5015095,LÜM_SAATLİK_OSMANGAZİ_BİYOKÜTLE,10930,2026-05-31T03:00:00+03:00,03:00
40X000000010930F,K3 OSMANGAZİ ELEKTRİK PERAKENDE SATIŞ A.Ş.,unknown,2026-05-31 04:00:00+03:00,,0.0,chunk_0084.json,POST /v1/generation/data/dpp-bulk,2026-05-31 21:42:51.235000+00:00,5015095,LÜM_SAATLİK_OSMANGAZİ_BİYOKÜTLE,10930,2026-05-31T04:00:00+03:00,04:00
40X000000010930F,K3 OSMANGAZİ ELEKTRİK PERAKENDE SATIŞ A.Ş.,unknown,2026-05-31 05:00:00+03:00,,0.0,chunk_0084.json,POST /v1/generation/data/dpp-bulk,2026-05-31 21:42:51.235000+00:00,5015095,LÜM_SAATLİK_OSMANGAZİ_BİYOKÜTLE,10930,2026-05-31T05:00:00+03:00,05:00
40X000000010930F,K3 OSMANGAZİ ELEKTRİK PERAKENDE SATIŞ A.Ş.,unknown,2026-05-31 06:00:00+03:00,,0.0,chunk_0084.json,POST /v1/generation/data/dpp-bulk,2026-05-31 21:42:51.235000+00:00,5015095,LÜM_SAATLİK_OSMANGAZİ_BİYOKÜTLE,10930,2026-05-31T06:00:00+03:00,06:00
40X000000010930F,K3 OSMANGAZİ ELEKTRİK PERAKENDE SATIŞ A.Ş.,unknown,2026-05-31 07:00:00+03:00,,0.0,chunk_0084.json,POST /v1/generation/data/dpp-bulk,2026-05-31 21:42:51.235000+00:00,5015095,LÜM_SAATLİK_OSMANGAZİ_BİYOKÜTLE,10930,2026-05-31T07:00:00+03:00,07:00
40X000000010930F,K3 OSMANGAZİ ELEKTRİK PERAKENDE SATIŞ A.Ş.,unknown,2026-05-31 08:00:00+03:00,,0.0,chunk_0084.json,POST /v1/generation/data/dpp-bulk,2026-05-31 21:42:51.235000+00:00,5015095,LÜM_SAATLİK_OSMANGAZİ_BİYOKÜTLE,10930,2026-05-31T08:00:00+03:00,08:00
40X000000010930F,K3 OSMANGAZİ ELEKTRİK PERAKENDE SATIŞ A.Ş.,unknown,2026-05-31 09:00:00+03:00,,0.0,chunk_0084.json,POST /v1/generation/data/dpp-bulk,2026-05-31 21:42:51.235000+00:00,5015095,LÜM_SAATLİK_OSMANGAZİ_BİYOKÜTLE,10930,2026-05-31T09:00:00+03:00,09:00
40X000000010930F,K3 OSMANGAZİ ELEKTRİK PERAKENDE SATIŞ A.Ş.,unknown,2026-05-31 10:00:00+03:00,,0.0,chunk_0084.json,POST /v1/generation/data/dpp-bulk,2026-05-31 21:42:51.235000+00:00,5015095,LÜM_SAATLİK_OSMANGAZİ_BİYOKÜTLE,10930,2026-05-31T10:00:00+03:00,10:00
40X000000010930F,K3 OSMANGAZİ ELEKTRİK PERAKENDE SATIŞ A.Ş.,unknown,2026-05-31 11:00:00+03:00,,0.0,chunk_0084.json,POST /v1/generation/data/dpp-bulk,2026-05-31 21:42:51.235000+00:00,5015095,LÜM_SAATLİK_OSMANGAZİ_BİYOKÜTLE,10930,2026-05-31T11:00:00+03:00,11:00
40X000000010930F,K3 OSMANGAZİ ELEKTRİK PERAKENDE SATIŞ A.Ş.,unknown,2026-05-31 12:00:00+03:00,,0.0,chunk_0084.json,POST /v1/generation/data/dpp-bulk,2026-05-31 21:42:51.235000+00:00,5015095,LÜM_SAATLİK_OSMANGAZİ_BİYOKÜTLE,10930,2026-05-31T12:00:00+03:00,12:00
40X000000010930F,K3 OSMANGAZİ ELEKTRİK PERAKENDE SATIŞ A.Ş.,unknown,2026-05-31 13:00:00+03:00,,0.0,chunk_0084.json,POST /v1/generation/data/dpp-bulk,2026-05-31 21:42:51.235000+00:00,5015095,LÜM_SAATLİK_OSMANGAZİ_BİYOKÜTLE,10930,2026-05-31T13:00:00+03:00,13:00
40X000000010930F,K3 OSMANGAZİ ELEKTRİK PERAKENDE SATIŞ A.Ş.,unknown,2026-05-31 14:00:00+03:00,,0.0,chunk_0084.json,POST /v1/generation/data/dpp-bulk,2026-05-31 21:42:51.235000+00:00,5015095,LÜM_SAATLİK_OSMANGAZİ_BİYOKÜTLE,10930,2026-05-31T14:00:00+03:00,14:00
40X000000010930F,K3 OSMANGAZİ ELEKTRİK PERAKENDE SATIŞ A.Ş.,unknown,2026-05-31 15:00:00+03:00,,0.0,chunk_0084.json,POST /v1/generation/data/dpp-bulk,2026-05-31 21:42:51.235000+00:00,5015095,LÜM_SAATLİK_OSMANGAZİ_BİYOKÜTLE,10930,2026-05-31T15:00:00+03:00,15:00
40X000000010930F,K3 OSMANGAZİ ELEKTRİK PERAKENDE SATIŞ A.Ş.,unknown,2026-05-31 16:00:00+03:00,,0.0,chunk_0084.json,POST /v1/generation/data/dpp-bulk,2026-05-31 21:42:51.235000+00:00,5015095,LÜM_SAATLİK_OSMANGAZİ_BİYOKÜTLE,10930,2026-05-31T16:00:00+03:00,16:00
40X000000010930F,K3 OSMANGAZİ ELEKTRİK PERAKENDE SATIŞ A.Ş.,unknown,2026-05-31 17:00:00+03:00,,0.0,chunk_0084.json,POST /v1/generation/data/dpp-bulk,2026-05-31 21:42:51.235000+00:00,5015095,LÜM_SAATLİK_OSMANGAZİ_BİYOKÜTLE,10930,2026-05-31T17:00:00+03:00,17:00
40X000000010930F,K3 OSMANGAZİ ELEKTRİK PERAKENDE SATIŞ A.Ş.,unknown,2026-05-31 18:00:00+03:00,,0.0,chunk_0084.json,POST /v1/generation/data/dpp-bulk,2026-05-31 21:42:51.235000+00:00,5015095,LÜM_SAATLİK_OSMANGAZİ_BİYOKÜTLE,10930,2026-05-31T18:00:00+03:00,18:00
40X000000010930F,K3 OSMANGAZİ ELEKTRİK PERAKENDE SATIŞ A.Ş.,unknown,2026-05-31 19:00:00+03:00,,0.0,chunk_0084.json,POST /v1/generation/data/dpp-bulk,2026-05-31 21:42:51.235000+00:00,5015095,LÜM_SAATLİK_OSMANGAZİ_BİYOKÜTLE,10930,2026-05-31T19:00:00+03:00,19:00
40X000000010930F,K3 OSMANGAZİ ELEKTRİK PERAKENDE SATIŞ A.Ş.,unknown,2026-05-31 20:00:00+03:00,,0.0,chunk_0084.json,POST /v1/generation/data/dpp-bulk,2026-05-31 21:42:51.235000+00:00,5015095,LÜM_SAATLİK_OSMANGAZİ_BİYOKÜTLE,10930,2026-05-31T20:00:00+03:00,20:00
40X000000010930F,K3 OSMANGAZİ ELEKTRİK PERAKENDE SATIŞ A.Ş.,unknown,2026-05-31 21:00:00+03:00,,0.0,chunk_0084.json,POST /v1/generation/data/dpp-bulk,2026-05-31 21:42:51.235000+00:00,5015095,LÜM_SAATLİK_OSMANGAZİ_BİYOKÜTLE,10930,2026-05-31T21:00:00+03:00,21:00
40X000000010930F,K3 OSMANGAZİ ELEKTRİK PERAKENDE SATIŞ A.Ş.,unknown,2026-05-31 22:00:00+03:00,,0.0,chunk_0084.json,POST /v1/generation/data/dpp-bulk,2026-05-31 21:42:51.235000+00:00,5015095,LÜM_SAATLİK_OSMANGAZİ_BİYOKÜTLE,10930,2026-05-31T22:00:00+03:00,22:00
40X000000010930F,K3 OSMANGAZİ ELEKTRİK PERAKENDE SATIŞ A.Ş.,unknown,2026-05-31 23:00:00+03:00,,0.0,chunk_0084.json,POST /v1/generation/data/dpp-bulk,2026-05-31 21:42:51.235000+00:00,5015095,LÜM_SAATLİK_OSMANGAZİ_BİYOKÜTLE,10930,2026-05-31T23:00:00+03:00,23:00
40X000000010930F,K3 OSMANGAZİ ELEKTRİK PERAKENDE SATIŞ A.Ş.,unknown,2026-05-31 00:00:00+03:00,,0.0,chunk_0084.json,POST /v1/generation/data/dpp-bulk,2026-05-31 21:42:51.235000+00:00,5015101,LÜM_SAATLİK_OSMANGAZİ_RÜZGAR,10930,2026-05-31T00:00:00+03:00,00:00
40X000000010930F,K3 OSMANGAZİ ELEKTRİK PERAKENDE SATIŞ A.Ş.,unknown,2026-05-31 01:00:00+03:00,,0.0,chunk_0084.json,POST /v1/generation/data/dpp-bulk,2026-05-31 21:42:51.235000+00:00,5015101,LÜM_SAATLİK_OSMANGAZİ_RÜZGAR,10930,2026-05-31T01:00:00+03:00,01:00
40X000000010930F,K3 OSMANGAZİ ELEKTRİK PERAKENDE SATIŞ A.Ş.,unknown,2026-05-31 02:00:00+03:00,,0.0,chunk_0084.json,POST /v1/generation/data/dpp-bulk,2026-05-31 21:42:51.235000+00:00,5015101,LÜM_SAATLİK_OSMANGAZİ_RÜZGAR,10930,2026-05-31T02:00:00+03:00,02:00
40X000000010930F,K3 OSMANGAZİ ELEKTRİK PERAKENDE SATIŞ A.Ş.,unknown,2026-05-31 03:00:00+03:00,,0.0,chunk_0084.json,POST /v1/generation/data/dpp-bulk,2026-05-31 21:42:51.235000+00:00,5015101,LÜM_SAATLİK_OSMANGAZİ_RÜZGAR,10930,2026-05-31T03:00:00+03:00,03:00
40X000000010930F,K3 OSMANGAZİ ELEKTRİK PERAKENDE SATIŞ A.Ş.,unknown,2026-05-31 04:00:00+03:00,,0.0,chunk_0084.json,POST /v1/generation/data/dpp-bulk,2026-05-31 21:42:51.235000+00:00,5015101,LÜM_SAATLİK_OSMANGAZİ_RÜZGAR,10930,2026-05-31T04:00:00+03:00,04:00
40X000000010930F,K3 OSMANGAZİ ELEKTRİK PERAKENDE SATIŞ A.Ş.,unknown,2026-05-31 05:00:00+03:00,,0.0,chunk_0084.json,POST /v1/generation/data/dpp-bulk,2026-05-31 21:42:51.235000+00:00,5015101,LÜM_SAATLİK_OSMANGAZİ_RÜZGAR,10930,2026-05-31T05:00:00+03:00,05:00
40X000000010930F,K3 OSMANGAZİ ELEKTRİK PERAKENDE SATIŞ A.Ş.,unknown,2026-05-31 06:00:00+03:00,,0.0,chunk_0084.json,POST /v1/generation/data/dpp-bulk,2026-05-31 21:42:51.235000+00:00,5015101,LÜM_SAATLİK_OSMANGAZİ_RÜZGAR,10930,2026-05-31T06:00:00+03:00,06:00
40X000000010930F,K3 OSMANGAZİ ELEKTRİK PERAKENDE SATIŞ A.Ş.,unknown,2026-05-31 07:00:00+03:00,,0.0,chunk_0084.json,POST /v1/generation/data/dpp-bulk,2026-05-31 21:42:51.235000+00:00,5015101,LÜM_SAATLİK_OSMANGAZİ_RÜZGAR,10930,2026-05-31T07:00:00+03:00,07:00
40X000000010930F,K3 OSMANGAZİ ELEKTRİK PERAKENDE SATIŞ A.Ş.,unknown,2026-05-31 08:00:00+03:00,,0.0,chunk_0084.json,POST /v1/generation/data/dpp-bulk,2026-05-31 21:42:51.235000+00:00,5015101,LÜM_SAATLİK_OSMANGAZİ_RÜZGAR,10930,2026-05-31T08:00:00+03:00,08:00
40X000000010930F,K3 OSMANGAZİ ELEKTRİK PERAKENDE SATIŞ A.Ş.,unknown,2026-05-31 09:00:00+03:00,,0.0,chunk_0084.json,POST /v1/generation/data/dpp-bulk,2026-05-31 21:42:51.235000+00:00,5015101,LÜM_SAATLİK_OSMANGAZİ_RÜZGAR,10930,2026-05-31T09:00:00+03:00,09:00
40X000000010930F,K3 OSMANGAZİ ELEKTRİK PERAKENDE SATIŞ A.Ş.,unknown,2026-05-31 10:00:00+03:00,,0.0,chunk_0084.json,POST /v1/generation/data/dpp-bulk,2026-05-31 21:42:51.235000+00:00,5015101,LÜM_SAATLİK_OSMANGAZİ_RÜZGAR,10930,2026-05-31T10:00:00+03:00,10:00
40X000000010930F,K3 OSMANGAZİ ELEKTRİK PERAKENDE SATIŞ A.Ş.,unknown,2026-05-31 11:00:00+03:00,,0.0,chunk_0084.json,POST /v1/generation/data/dpp-bulk,2026-05-31 21:42:51.235000+00:00,5015101,LÜM_SAATLİK_OSMANGAZİ_RÜZGAR,10930,2026-05-31T11:00:00+03:00,11:00
40X000000010930F,K3 OSMANGAZİ ELEKTRİK PERAKENDE SATIŞ A.Ş.,unknown,2026-05-31 12:00:00+03:00,,0.0,chunk_0084.json,POST /v1/generation/data/dpp-bulk,2026-05-31 21:42:51.235000+00:00,5015101,LÜM_SAATLİK_OSMANGAZİ_RÜZGAR,10930,2026-05-31T12:00:00+03:00,12:00
40X000000010930F,K3 OSMANGAZİ ELEKTRİK PERAKENDE SATIŞ A.Ş.,unknown,2026-05-31 13:00:00+03:00,,0.0,chunk_0084.json,POST /v1/generation/data/dpp-bulk,2026-05-31 21:42:51.235000+00:00,5015101,LÜM_SAATLİK_OSMANGAZİ_RÜZGAR,10930,2026-05-31T13:00:00+03:00,13:00
40X000000010930F,K3 OSMANGAZİ ELEKTRİK PERAKENDE SATIŞ A.Ş.,unknown,2026-05-31 14:00:00+03:00,,0.0,chunk_0084.json,POST /v1/generation/data/dpp-bulk,2026-05-31 21:42:51.235000+00:00,5015101,LÜM_SAATLİK_OSMANGAZİ_RÜZGAR,10930,2026-05-31T14:00:00+03:00,14:00
40X000000010930F,K3 OSMANGAZİ ELEKTRİK PERAKENDE SATIŞ A.Ş.,unknown,2026-05-31 15:00:00+03:00,,0.0,chunk_0084.json,POST /v1/generation/data/dpp-bulk,2026-05-31 21:42:51.235000+00:00,5015101,LÜM_SAATLİK_OSMANGAZİ_RÜZGAR,10930,2026-05-31T15:00:00+03:00,15:00
40X000000010930F,K3 OSMANGAZİ ELEKTRİK PERAKENDE SATIŞ A.Ş.,unknown,2026-05-31 16:00:00+03:00,,0.0,chunk_0084.json,POST /v1/generation/data/dpp-bulk,2026-05-31 21:42:51.235000+00:00,5015101,LÜM_SAATLİK_OSMANGAZİ_RÜZGAR,10930,2026-05-31T16:00:00+03:00,16:00
40X000000010930F,K3 OSMANGAZİ ELEKTRİK PERAKENDE SATIŞ A.Ş.,unknown,2026-05-31 17:00:00+03:00,,0.0,chunk_0084.json,POST /v1/generation/data/dpp-bulk,2026-05-31 21:42:51.235000+00:00,5015101,LÜM_SAATLİK_OSMANGAZİ_RÜZGAR,10930,2026-05-31T17:00:00+03:00,17:00
40X000000010930F,K3 OSMANGAZİ ELEKTRİK PERAKENDE SATIŞ A.Ş.,unknown,2026-05-31 18:00:00+03:00,,0.0,chunk_0084.json,POST /v1/generation/data/dpp-bulk,2026-05-31 21:42:51.235000+00:00,5015101,LÜM_SAATLİK_OSMANGAZİ_RÜZGAR,10930,2026-05-31T18:00:00+03:00,18:00
40X000000010930F,K3 OSMANGAZİ ELEKTRİK PERAKENDE SATIŞ A.Ş.,unknown,2026-05-31 19:00:00+03:00,,0.0,chunk_0084.json,POST /v1/generation/data/dpp-bulk,2026-05-31 21:42:51.235000+00:00,5015101,LÜM_SAATLİK_OSMANGAZİ_RÜZGAR,10930,2026-05-31T19:00:00+03:00,19:00
40X000000010930F,K3 OSMANGAZİ ELEKTRİK PERAKENDE SATIŞ A.Ş.,unknown,2026-05-31 20:00:00+03:00,,0.0,chunk_0084.json,POST /v1/generation/data/dpp-bulk,2026-05-31 21:42:51.235000+00:00,5015101,LÜM_SAATLİK_OSMANGAZİ_RÜZGAR,10930,2026-05-31T20:00:00+03:00,20:00
40X000000010930F,K3 OSMANGAZİ ELEKTRİK PERAKENDE SATIŞ A.Ş.,unknown,2026-05-31 21:00:00+03:00,,0.0,chunk_0084.json,POST /v1/generation/data/dpp-bulk,2026-05-31 21:42:51.235000+00:00,5015101,LÜM_SAATLİK_OSMANGAZİ_RÜZGAR,10930,2026-05-31T21:00:00+03:00,21:00
40X000000010930F,K3 OSMANGAZİ ELEKTRİK PERAKENDE SATIŞ A.Ş.,unknown,2026-05-31 22:00:00+03:00,,0.0,chunk_0084.json,POST /v1/generation/data/dpp-bulk,2026-05-31 21:42:51.235000+00:00,5015101,LÜM_SAATLİK_OSMANGAZİ_RÜZGAR,10930,2026-05-31T22:00:00+03:00,22:00
40X000000010930F,K3 OSMANGAZİ ELEKTRİK PERAKENDE SATIŞ A.Ş.,unknown,2026-05-31 23:00:00+03:00,,0.0,chunk_0084.json,POST /v1/generation/data/dpp-bulk,2026-05-31 21:42:51.235000+00:00,5015101,LÜM_SAATLİK_OSMANGAZİ_RÜZGAR,10930,2026-05-31T23:00:00+03:00,23:00
40X000000010932B,K3 AKSA ÇORUH ELEKTRİK PERAKENDE SATIŞ A.Ş.,unknown,2026-05-31 00:00:00+03:00,,0.15,chunk_0084.json,POST /v1/generation/data/dpp-bulk,2026-05-31 21:42:51.235000+00:00,5015093,LÜM_SAATLİK_ÇORUH_HES,10932,2026-05-31T00:00:00+03:00,00:00
40X000000010932B,K3 AKSA ÇORUH ELEKTRİK PERAKENDE SATIŞ A.Ş.,unknown,2026-05-31 01:00:00+03:00,,0.15,chunk_0084.json,POST /v1/generation/data/dpp-bulk,2026-05-31 21:42:51.235000+00:00,5015093,LÜM_SAATLİK_ÇORUH_HES,10932,2026-05-31T01:00:00+03:00,01:00
40X000000010932B,K3 AKSA ÇORUH ELEKTRİK PERAKENDE SATIŞ A.Ş.,unknown,2026-05-31 02:00:00+03:00,,0.15,chunk_0084.json,POST /v1/generation/data/dpp-bulk,2026-05-31 21:42:51.235000+00:00,5015093,LÜM_SAATLİK_ÇORUH_HES,10932,2026-05-31T02:00:00+03:00,02:00
40X000000010932B,K3 AKSA ÇORUH ELEKTRİK PERAKENDE SATIŞ A.Ş.,unknown,2026-05-31 03:00:00+03:00,,0.15,chunk_0084.json,POST /v1/generation/data/dpp-bulk,2026-05-31 21:42:51.235000+00:00,5015093,LÜM_SAATLİK_ÇORUH_HES,10932,2026-05-31T03:00:00+03:00,03:00
40X000000010932B,K3 AKSA ÇORUH ELEKTRİK PERAKENDE SATIŞ A.Ş.,unknown,2026-05-31 04:00:00+03:00,,0.15,chunk_0084.json,POST /v1/generation/data/dpp-bulk,2026-05-31 21:42:51.235000+00:00,5015093,LÜM_SAATLİK_ÇORUH_HES,10932,2026-05-31T04:00:00+03:00,04:00
40X000000010932B,K3 AKSA ÇORUH ELEKTRİK PERAKENDE SATIŞ A.Ş.,unknown,2026-05-31 05:00:00+03:00,,0.2,chunk_0084.json,POST /v1/generation/data/dpp-bulk,2026-05-31 21:42:51.235000+00:00,5015093,LÜM_SAATLİK_ÇORUH_HES,10932,2026-05-31T05:00:00+03:00,05:00
40X000000010932B,K3 AKSA ÇORUH ELEKTRİK PERAKENDE SATIŞ A.Ş.,unknown,2026-05-31 06:00:00+03:00,,0.56,chunk_0084.json,POST /v1/generation/data/dpp-bulk,2026-05-31 21:42:51.235000+00:00,5015093,LÜM_SAATLİK_ÇORUH_HES,10932,2026-05-31T06:00:00+03:00,06:00
40X000000010932B,K3 AKSA ÇORUH ELEKTRİK PERAKENDE SATIŞ A.Ş.,unknown,2026-05-31 07:00:00+03:00,,1.03,chunk_0084.json,POST /v1/generation/data/dpp-bulk,2026-05-31 21:42:51.235000+00:00,5015093,LÜM_SAATLİK_ÇORUH_HES,10932,2026-05-31T07:00:00+03:00,07:00
40X000000010932B,K3 AKSA ÇORUH ELEKTRİK PERAKENDE SATIŞ A.Ş.,unknown,2026-05-31 08:00:00+03:00,,1.74,chunk_0084.json,POST /v1/generation/data/dpp-bulk,2026-05-31 21:42:51.235000+00:00,5015093,LÜM_SAATLİK_ÇORUH_HES,10932,2026-05-31T08:00:00+03:00,08:00
40X000000010932B,K3 AKSA ÇORUH ELEKTRİK PERAKENDE SATIŞ A.Ş.,unknown,2026-05-31 09:00:00+03:00,,2.58,chunk_0084.json,POST /v1/generation/data/dpp-bulk,2026-05-31 21:42:51.235000+00:00,5015093,LÜM_SAATLİK_ÇORUH_HES,10932,2026-05-31T09:00:00+03:00,09:00
40X000000010932B,K3 AKSA ÇORUH ELEKTRİK PERAKENDE SATIŞ A.Ş.,unknown,2026-05-31 10:00:00+03:00,,2.85,chunk_0084.json,POST /v1/generation/data/dpp-bulk,2026-05-31 21:42:51.235000+00:00,5015093,LÜM_SAATLİK_ÇORUH_HES,10932,2026-05-31T10:00:00+03:00,10:00
40X000000010932B,K3 AKSA ÇORUH ELEKTRİK PERAKENDE SATIŞ A.Ş.,unknown,2026-05-31 11:00:00+03:00,,2.89,chunk_0084.json,POST /v1/generation/data/dpp-bulk,2026-05-31 21:42:51.235000+00:00,5015093,LÜM_SAATLİK_ÇORUH_HES,10932,2026-05-31T11:00:00+03:00,11:00
40X000000010932B,K3 AKSA ÇORUH ELEKTRİK PERAKENDE SATIŞ A.Ş.,unknown,2026-05-31 12:00:00+03:00,,2.84,chunk_0084.json,POST /v1/generation/data/dpp-bulk,2026-05-31 21:42:51.235000+00:00,5015093,LÜM_SAATLİK_ÇORUH_HES,10932,2026-05-31T12:00:00+03:00,12:00
40X000000010932B,K3 AKSA ÇORUH ELEKTRİK PERAKENDE SATIŞ A.Ş.,unknown,2026-05-31 13:00:00+03:00,,2.75,chunk_0084.json,POST /v1/generation/data/dpp-bulk,2026-05-31 21:42:51.235000+00:00,5015093,LÜM_SAATLİK_ÇORUH_HES,10932,2026-05-31T13:00:00+03:00,13:00
40X000000010932B,K3 AKSA ÇORUH ELEKTRİK PERAKENDE SATIŞ A.Ş.,unknown,2026-05-31 14:00:00+03:00,,2.78,chunk_0084.json,POST /v1/generation/data/dpp-bulk,2026-05-31 21:42:51.235000+00:00,5015093,LÜM_SAATLİK_ÇORUH_HES,10932,2026-05-31T14:00:00+03:00,14:00
40X000000010932B,K3 AKSA ÇORUH ELEKTRİK PERAKENDE SATIŞ A.Ş.,unknown,2026-05-31 15:00:00+03:00,,2.6,chunk_0084.json,POST /v1/generation/data/dpp-bulk,2026-05-31 21:42:51.235000+00:00,5015093,LÜM_SAATLİK_ÇORUH_HES,10932,2026-05-31T15:00:00+03:00,15:00
40X000000010932B,K3 AKSA ÇORUH ELEKTRİK PERAKENDE SATIŞ A.Ş.,unknown,2026-05-31 16:00:00+03:00,,1.93,chunk_0084.json,POST /v1/generation/data/dpp-bulk,2026-05-31 21:42:51.235000+00:00,5015093,LÜM_SAATLİK_ÇORUH_HES,10932,2026-05-31T16:00:00+03:00,16:00
40X000000010932B,K3 AKSA ÇORUH ELEKTRİK PERAKENDE SATIŞ A.Ş.,unknown,2026-05-31 17:00:00+03:00,,1.05,chunk_0084.json,POST /v1/generation/data/dpp-bulk,2026-05-31 21:42:51.235000+00:00,5015093,LÜM_SAATLİK_ÇORUH_HES,10932,2026-05-31T17:00:00+03:00,17:00
40X000000010932B,K3 AKSA ÇORUH ELEKTRİK PERAKENDE SATIŞ A.Ş.,unknown,2026-05-31 18:00:00+03:00,,0.41,chunk_0084.json,POST /v1/generation/data/dpp-bulk,2026-05-31 21:42:51.235000+00:00,5015093,LÜM_SAATLİK_ÇORUH_HES,10932,2026-05-31T18:00:00+03:00,18:00
40X000000010932B,K3 AKSA ÇORUH ELEKTRİK PERAKENDE SATIŞ A.Ş.,unknown,2026-05-31 19:00:00+03:00,,0.18,chunk_0084.json,POST /v1/generation/data/dpp-bulk,2026-05-31 21:42:51.235000+00:00,5015093,LÜM_SAATLİK_ÇORUH_HES,10932,2026-05-31T19:00:00+03:00,19:00
40X000000010932B,K3 AKSA ÇORUH ELEKTRİK PERAKENDE SATIŞ A.Ş.,unknown,2026-05-31 20:00:00+03:00,,0.15,chunk_0084.json,POST /v1/generation/data/dpp-bulk,2026-05-31 21:42:51.235000+00:00,5015093,LÜM_SAATLİK_ÇORUH_HES,10932,2026-05-31T20:00:00+03:00,20:00
40X000000010932B,K3 AKSA ÇORUH ELEKTRİK PERAKENDE SATIŞ A.Ş.,unknown,2026-05-31 21:00:00+03:00,,0.15,chunk_0084.json,POST /v1/generation/data/dpp-bulk,2026-05-31 21:42:51.235000+00:00,5015093,LÜM_SAATLİK_ÇORUH_HES,10932,2026-05-31T21:00:00+03:00,21:00
40X000000010932B,K3 AKSA ÇORUH ELEKTRİK PERAKENDE SATIŞ A.Ş.,unknown,2026-05-31 22:00:00+03:00,,0.15,chunk_0084.json,POST /v1/generation/data/dpp-bulk,2026-05-31 21:42:51.235000+00:00,5015093,LÜM_SAATLİK_ÇORUH_HES,10932,2026-05-31T22:00:00+03:00,22:00
40X000000010932B,K3 AKSA ÇORUH ELEKTRİK PERAKENDE SATIŞ A.Ş.,unknown,2026-05-31 23:00:00+03:00,,0.15,chunk_0084.json,POST /v1/generation/data/dpp-bulk,2026-05-31 21:42:51.235000+00:00,5015093,LÜM_SAATLİK_ÇORUH_HES,10932,2026-05-31T23:00:00+03:00,23:00
40X0000000109355,K3 GEDİZ ELEKTRİK PERAKENDE SATIŞ ANONİM ŞİRKETİ,unknown,2026-05-31 00:00:00+03:00,,0.0,chunk_0084.json,POST /v1/generation/data/dpp-bulk,2026-05-31 21:42:51.235000+00:00,5015104,LÜM_SAATLİK_GEDİZ_BİYOKÜTLE,10935,2026-05-31T00:00:00+03:00,00:00
40X0000000109355,K3 GEDİZ ELEKTRİK PERAKENDE SATIŞ ANONİM ŞİRKETİ,unknown,2026-05-31 01:00:00+03:00,,0.0,chunk_0084.json,POST /v1/generation/data/dpp-bulk,2026-05-31 21:42:51.235000+00:00,5015104,LÜM_SAATLİK_GEDİZ_BİYOKÜTLE,10935,2026-05-31T01:00:00+03:00,01:00
40X0000000109355,K3 GEDİZ ELEKTRİK PERAKENDE SATIŞ ANONİM ŞİRKETİ,unknown,2026-05-31 02:00:00+03:00,,0.0,chunk_0084.json,POST /v1/generation/data/dpp-bulk,2026-05-31 21:42:51.235000+00:00,5015104,LÜM_SAATLİK_GEDİZ_BİYOKÜTLE,10935,2026-05-31T02:00:00+03:00,02:00
40X0000000109355,K3 GEDİZ ELEKTRİK PERAKENDE SATIŞ ANONİM ŞİRKETİ,unknown,2026-05-31 03:00:00+03:00,,0.0,chunk_0084.json,POST /v1/generation/data/dpp-bulk,2026-05-31 21:42:51.235000+00:00,5015104,LÜM_SAATLİK_GEDİZ_BİYOKÜTLE,10935,2026-05-31T03:00:00+03:00,03:00
40X0000000109355,K3 GEDİZ ELEKTRİK PERAKENDE SATIŞ ANONİM ŞİRKETİ,unknown,2026-05-31 04:00:00+03:00,,0.0,chunk_0084.json,POST /v1/generation/data/dpp-bulk,2026-05-31 21:42:51.235000+00:00,5015104,LÜM_SAATLİK_GEDİZ_BİYOKÜTLE,10935,2026-05-31T04:00:00+03:00,04:00
40X0000000109355,K3 GEDİZ ELEKTRİK PERAKENDE SATIŞ ANONİM ŞİRKETİ,unknown,2026-05-31 05:00:00+03:00,,0.0,chunk_0084.json,POST /v1/generation/data/dpp-bulk,2026-05-31 21:42:51.235000+00:00,5015104,LÜM_SAATLİK_GEDİZ_BİYOKÜTLE,10935,2026-05-31T05:00:00+03:00,05:00
40X0000000109355,K3 GEDİZ ELEKTRİK PERAKENDE SATIŞ ANONİM ŞİRKETİ,unknown,2026-05-31 06:00:00+03:00,,0.0,chunk_0084.json,POST /v1/generation/data/dpp-bulk,2026-05-31 21:42:51.235000+00:00,5015104,LÜM_SAATLİK_GEDİZ_BİYOKÜTLE,10935,2026-05-31T06:00:00+03:00,06:00
40X0000000109355,K3 GEDİZ ELEKTRİK PERAKENDE SATIŞ ANONİM ŞİRKETİ,unknown,2026-05-31 07:00:00+03:00,,0.0,chunk_0084.json,POST /v1/generation/data/dpp-bulk,2026-05-31 21:42:51.235000+00:00,5015104,LÜM_SAATLİK_GEDİZ_BİYOKÜTLE,10935,2026-05-31T07:00:00+03:00,07:00
40X0000000109355,K3 GEDİZ ELEKTRİK PERAKENDE SATIŞ ANONİM ŞİRKETİ,unknown,2026-05-31 08:00:00+03:00,,0.0,chunk_0084.json,POST /v1/generation/data/dpp-bulk,2026-05-31 21:42:51.235000+00:00,5015104,LÜM_SAATLİK_GEDİZ_BİYOKÜTLE,10935,2026-05-31T08:00:00+03:00,08:00
40X0000000109355,K3 GEDİZ ELEKTRİK PERAKENDE SATIŞ ANONİM ŞİRKETİ,unknown,2026-05-31 09:00:00+03:00,,0.0,chunk_0084.json,POST /v1/generation/data/dpp-bulk,2026-05-31 21:42:51.235000+00:00,5015104,LÜM_SAATLİK_GEDİZ_BİYOKÜTLE,10935,2026-05-31T09:00:00+03:00,09:00
40X0000000109355,K3 GEDİZ ELEKTRİK PERAKENDE SATIŞ ANONİM ŞİRKETİ,unknown,2026-05-31 10:00:00+03:00,,0.0,chunk_0084.json,POST /v1/generation/data/dpp-bulk,2026-05-31 21:42:51.235000+00:00,5015104,LÜM_SAATLİK_GEDİZ_BİYOKÜTLE,10935,2026-05-31T10:00:00+03:00,10:00
40X0000000109355,K3 GEDİZ ELEKTRİK PERAKENDE SATIŞ ANONİM ŞİRKETİ,unknown,2026-05-31 11:00:00+03:00,,0.0,chunk_0084.json,POST /v1/generation/data/dpp-bulk,2026-05-31 21:42:51.235000+00:00,5015104,LÜM_SAATLİK_GEDİZ_BİYOKÜTLE,10935,2026-05-31T11:00:00+03:00,11:00
40X0000000109355,K3 GEDİZ ELEKTRİK PERAKENDE SATIŞ ANONİM ŞİRKETİ,unknown,2026-05-31 12:00:00+03:00,,0.0,chunk_0084.json,POST /v1/generation/data/dpp-bulk,2026-05-31 21:42:51.235000+00:00,5015104,LÜM_SAATLİK_GEDİZ_BİYOKÜTLE,10935,2026-05-31T12:00:00+03:00,12:00
40X0000000109355,K3 GEDİZ ELEKTRİK PERAKENDE SATIŞ ANONİM ŞİRKETİ,unknown,2026-05-31 13:00:00+03:00,,0.0,chunk_0084.json,POST /v1/generation/data/dpp-bulk,2026-05-31 21:42:51.235000+00:00,5015104,LÜM_SAATLİK_GEDİZ_BİYOKÜTLE,10935,2026-05-31T13:00:00+03:00,13:00
40X0000000109355,K3 GEDİZ ELEKTRİK PERAKENDE SATIŞ ANONİM ŞİRKETİ,unknown,2026-05-31 14:00:00+03:00,,0.0,chunk_0084.json,POST /v1/generation/data/dpp-bulk,2026-05-31 21:42:51.235000+00:00,5015104,LÜM_SAATLİK_GEDİZ_BİYOKÜTLE,10935,2026-05-31T14:00:00+03:00,14:00
40X0000000109355,K3 GEDİZ ELEKTRİK PERAKENDE SATIŞ ANONİM ŞİRKETİ,unknown,2026-05-31 15:00:00+03:00,,0.0,chunk_0084.json,POST /v1/generation/data/dpp-bulk,2026-05-31 21:42:51.235000+00:00,5015104,LÜM_SAATLİK_GEDİZ_BİYOKÜTLE,10935,2026-05-31T15:00:00+03:00,15:00
40X0000000109355,K3 GEDİZ ELEKTRİK PERAKENDE SATIŞ ANONİM ŞİRKETİ,unknown,2026-05-31 16:00:00+03:00,,0.0,chunk_0084.json,POST /v1/generation/data/dpp-bulk,2026-05-31 21:42:51.235000+00:00,5015104,LÜM_SAATLİK_GEDİZ_BİYOKÜTLE,10935,2026-05-31T16:00:00+03:00,16:00
40X0000000109355,K3 GEDİZ ELEKTRİK PERAKENDE SATIŞ ANONİM ŞİRKETİ,unknown,2026-05-31 17:00:00+03:00,,0.0,chunk_0084.json,POST /v1/generation/data/dpp-bulk,2026-05-31 21:42:51.235000+00:00,5015104,LÜM_SAATLİK_GEDİZ_BİYOKÜTLE,10935,2026-05-31T17:00:00+03:00,17:00
40X0000000109355,K3 GEDİZ ELEKTRİK PERAKENDE SATIŞ ANONİM ŞİRKETİ,unknown,2026-05-31 18:00:00+03:00,,0.0,chunk_0084.json,POST /v1/generation/data/dpp-bulk,2026-05-31 21:42:51.235000+00:00,5015104,LÜM_SAATLİK_GEDİZ_BİYOKÜTLE,10935,2026-05-31T18:00:00+03:00,18:00
40X0000000109355,K3 GEDİZ ELEKTRİK PERAKENDE SATIŞ ANONİM ŞİRKETİ,unknown,2026-05-31 19:00:00+03:00,,0.0,chunk_0084.json,POST /v1/generation/data/dpp-bulk,2026-05-31 21:42:51.235000+00:00,5015104,LÜM_SAATLİK_GEDİZ_BİYOKÜTLE,10935,2026-05-31T19:00:00+03:00,19:00
40X0000000109355,K3 GEDİZ ELEKTRİK PERAKENDE SATIŞ ANONİM ŞİRKETİ,unknown,2026-05-31 20:00:00+03:00,,0.0,chunk_0084.json,POST /v1/generation/data/dpp-bulk,2026-05-31 21:42:51.235000+00:00,5015104,LÜM_SAATLİK_GEDİZ_BİYOKÜTLE,10935,2026-05-31T20:00:00+03:00,20:00
40X0000000109355,K3 GEDİZ ELEKTRİK PERAKENDE SATIŞ ANONİM ŞİRKETİ,unknown,2026-05-31 21:00:00+03:00,,0.0,chunk_0084.json,POST /v1/generation/data/dpp-bulk,2026-05-31 21:42:51.235000+00:00,5015104,LÜM_SAATLİK_GEDİZ_BİYOKÜTLE,10935,2026-05-31T21:00:00+03:00,21:00
40X0000000109355,K3 GEDİZ ELEKTRİK PERAKENDE SATIŞ ANONİM ŞİRKETİ,unknown,2026-05-31 22:00:00+03:00,,0.0,chunk_0084.json,POST /v1/generation/data/dpp-bulk,2026-05-31 21:42:51.235000+00:00,5015104,LÜM_SAATLİK_GEDİZ_BİYOKÜTLE,10935,2026-05-31T22:00:00+03:00,22:00
40X0000000109355,K3 GEDİZ ELEKTRİK PERAKENDE SATIŞ ANONİM ŞİRKETİ,unknown,2026-05-31 23:00:00+03:00,,0.0,chunk_0084.json,POST /v1/generation/data/dpp-bulk,2026-05-31 21:42:51.235000+00:00,5015104,LÜM_SAATLİK_GEDİZ_BİYOKÜTLE,10935,2026-05-31T23:00:00+03:00,23:00
40X000000010939Y,K3 MERAM ELEKTRIK PERAKENDE SATIŞ A.Ş.,unknown,2026-05-31 00:00:00+03:00,,0.0,chunk_0084.json,POST /v1/generation/data/dpp-bulk,2026-05-31 21:42:51.235000+00:00,5015106,LÜM_SAATLİK_MERAM_HES,10939,2026-05-31T00:00:00+03:00,00:00
40X000000010939Y,K3 MERAM ELEKTRIK PERAKENDE SATIŞ A.Ş.,unknown,2026-05-31 01:00:00+03:00,,0.0,chunk_0084.json,POST /v1/generation/data/dpp-bulk,2026-05-31 21:42:51.235000+00:00,5015106,LÜM_SAATLİK_MERAM_HES,10939,2026-05-31T01:00:00+03:00,01:00
40X000000010939Y,K3 MERAM ELEKTRIK PERAKENDE SATIŞ A.Ş.,unknown,2026-05-31 02:00:00+03:00,,0.0,chunk_0084.json,POST /v1/generation/data/dpp-bulk,2026-05-31 21:42:51.235000+00:00,5015106,LÜM_SAATLİK_MERAM_HES,10939,2026-05-31T02:00:00+03:00,02:00
40X000000010939Y,K3 MERAM ELEKTRIK PERAKENDE SATIŞ A.Ş.,unknown,2026-05-31 03:00:00+03:00,,0.0,chunk_0084.json,POST /v1/generation/data/dpp-bulk,2026-05-31 21:42:51.235000+00:00,5015106,LÜM_SAATLİK_MERAM_HES,10939,2026-05-31T03:00:00+03:00,03:00
40X000000010939Y,K3 MERAM ELEKTRIK PERAKENDE SATIŞ A.Ş.,unknown,2026-05-31 04:00:00+03:00,,0.0,chunk_0084.json,POST /v1/generation/data/dpp-bulk,2026-05-31 21:42:51.235000+00:00,5015106,LÜM_SAATLİK_MERAM_HES,10939,2026-05-31T04:00:00+03:00,04:00
40X000000010939Y,K3 MERAM ELEKTRIK PERAKENDE SATIŞ A.Ş.,unknown,2026-05-31 05:00:00+03:00,,0.0,chunk_0084.json,POST /v1/generation/data/dpp-bulk,2026-05-31 21:42:51.235000+00:00,5015106,LÜM_SAATLİK_MERAM_HES,10939,2026-05-31T05:00:00+03:00,05:00
40X000000010939Y,K3 MERAM ELEKTRIK PERAKENDE SATIŞ A.Ş.,unknown,2026-05-31 06:00:00+03:00,,0.0,chunk_0084.json,POST /v1/generation/data/dpp-bulk,2026-05-31 21:42:51.235000+00:00,5015106,LÜM_SAATLİK_MERAM_HES,10939,2026-05-31T06:00:00+03:00,06:00
40X000000010939Y,K3 MERAM ELEKTRIK PERAKENDE SATIŞ A.Ş.,unknown,2026-05-31 07:00:00+03:00,,0.0,chunk_0084.json,POST /v1/generation/data/dpp-bulk,2026-05-31 21:42:51.235000+00:00,5015106,LÜM_SAATLİK_MERAM_HES,10939,2026-05-31T07:00:00+03:00,07:00
40X000000010939Y,K3 MERAM ELEKTRIK PERAKENDE SATIŞ A.Ş.,unknown,2026-05-31 08:00:00+03:00,,0.0,chunk_0084.json,POST /v1/generation/data/dpp-bulk,2026-05-31 21:42:51.235000+00:00,5015106,LÜM_SAATLİK_MERAM_HES,10939,2026-05-31T08:00:00+03:00,08:00
40X000000010939Y,K3 MERAM ELEKTRIK PERAKENDE SATIŞ A.Ş.,unknown,2026-05-31 09:00:00+03:00,,0.0,chunk_0084.json,POST /v1/generation/data/dpp-bulk,2026-05-31 21:42:51.235000+00:00,5015106,LÜM_SAATLİK_MERAM_HES,10939,2026-05-31T09:00:00+03:00,09:00
40X000000010939Y,K3 MERAM ELEKTRIK PERAKENDE SATIŞ A.Ş.,unknown,2026-05-31 10:00:00+03:00,,0.0,chunk_0084.json,POST /v1/generation/data/dpp-bulk,2026-05-31 21:42:51.235000+00:00,5015106,LÜM_SAATLİK_MERAM_HES,10939,2026-05-31T10:00:00+03:00,10:00
40X000000010939Y,K3 MERAM ELEKTRIK PERAKENDE SATIŞ A.Ş.,unknown,2026-05-31 11:00:00+03:00,,0.0,chunk_0084.json,POST /v1/generation/data/dpp-bulk,2026-05-31 21:42:51.235000+00:00,5015106,LÜM_SAATLİK_MERAM_HES,10939,2026-05-31T11:00:00+03:00,11:00
40X000000010939Y,K3 MERAM ELEKTRIK PERAKENDE SATIŞ A.Ş.,unknown,2026-05-31 12:00:00+03:00,,0.0,chunk_0084.json,POST /v1/generation/data/dpp-bulk,2026-05-31 21:42:51.235000+00:00,5015106,LÜM_SAATLİK_MERAM_HES,10939,2026-05-31T12:00:00+03:00,12:00
40X000000010939Y,K3 MERAM ELEKTRIK PERAKENDE SATIŞ A.Ş.,unknown,2026-05-31 13:00:00+03:00,,0.0,chunk_0084.json,POST /v1/generation/data/dpp-bulk,2026-05-31 21:42:51.235000+00:00,5015106,LÜM_SAATLİK_MERAM_HES,10939,2026-05-31T13:00:00+03:00,13:00
40X000000010939Y,K3 MERAM ELEKTRIK PERAKENDE SATIŞ A.Ş.,unknown,2026-05-31 14:00:00+03:00,,0.0,chunk_0084.json,POST /v1/generation/data/dpp-bulk,2026-05-31 21:42:51.235000+00:00,5015106,LÜM_SAATLİK_MERAM_HES,10939,2026-05-31T14:00:00+03:00,14:00
40X000000010939Y,K3 MERAM ELEKTRIK PERAKENDE SATIŞ A.Ş.,unknown,2026-05-31 15:00:00+03:00,,0.0,chunk_0084.json,POST /v1/generation/data/dpp-bulk,2026-05-31 21:42:51.235000+00:00,5015106,LÜM_SAATLİK_MERAM_HES,10939,2026-05-31T15:00:00+03:00,15:00
40X000000010939Y,K3 MERAM ELEKTRIK PERAKENDE SATIŞ A.Ş.,unknown,2026-05-31 16:00:00+03:00,,0.0,chunk_0084.json,POST /v1/generation/data/dpp-bulk,2026-05-31 21:42:51.235000+00:00,5015106,LÜM_SAATLİK_MERAM_HES,10939,2026-05-31T16:00:00+03:00,16:00
40X000000010939Y,K3 MERAM ELEKTRIK PERAKENDE SATIŞ A.Ş.,unknown,2026-05-31 17:00:00+03:00,,0.0,chunk_0084.json,POST /v1/generation/data/dpp-bulk,2026-05-31 21:42:51.235000+00:00,5015106,LÜM_SAATLİK_MERAM_HES,10939,2026-05-31T17:00:00+03:00,17:00
40X000000010939Y,K3 MERAM ELEKTRIK PERAKENDE SATIŞ A.Ş.,unknown,2026-05-31 18:00:00+03:00,,0.0,chunk_0084.json,POST /v1/generation/data/dpp-bulk,2026-05-31 21:42:51.235000+00:00,5015106,LÜM_SAATLİK_MERAM_HES,10939,2026-05-31T18:00:00+03:00,18:00
40X000000010939Y,K3 MERAM ELEKTRIK PERAKENDE SATIŞ A.Ş.,unknown,2026-05-31 19:00:00+03:00,,0.0,chunk_0084.json,POST /v1/generation/data/dpp-bulk,2026-05-31 21:42:51.235000+00:00,5015106,LÜM_SAATLİK_MERAM_HES,10939,2026-05-31T19:00:00+03:00,19:00
40X000000010939Y,K3 MERAM ELEKTRIK PERAKENDE SATIŞ A.Ş.,unknown,2026-05-31 20:00:00+03:00,,0.0,chunk_0084.json,POST /v1/generation/data/dpp-bulk,2026-05-31 21:42:51.235000+00:00,5015106,LÜM_SAATLİK_MERAM_HES,10939,2026-05-31T20:00:00+03:00,20:00
40X000000010939Y,K3 MERAM ELEKTRIK PERAKENDE SATIŞ A.Ş.,unknown,2026-05-31 21:00:00+03:00,,0.0,chunk_0084.json,POST /v1/generation/data/dpp-bulk,2026-05-31 21:42:51.235000+00:00,5015106,LÜM_SAATLİK_MERAM_HES,10939,2026-05-31T21:00:00+03:00,21:00
40X000000010939Y,K3 MERAM ELEKTRIK PERAKENDE SATIŞ A.Ş.,unknown,2026-05-31 22:00:00+03:00,,0.0,chunk_0084.json,POST /v1/generation/data/dpp-bulk,2026-05-31 21:42:51.235000+00:00,5015106,LÜM_SAATLİK_MERAM_HES,10939,2026-05-31T22:00:00+03:00,22:00
40X000000010939Y,K3 MERAM ELEKTRIK PERAKENDE SATIŞ A.Ş.,unknown,2026-05-31 23:00:00+03:00,,0.0,chunk_0084.json,POST /v1/generation/data/dpp-bulk,2026-05-31 21:42:51.235000+00:00,5015106,LÜM_SAATLİK_MERAM_HES,10939,2026-05-31T23:00:00+03:00,23:00
40X0000000109452,K3 ENERJİSA TOROSLAR ELEKTRİK PERAKENDE SATIŞ ANONİM ŞİRKETİ,unknown,2026-05-31 00:00:00+03:00,,0.0,chunk_0084.json,POST /v1/generation/data/dpp-bulk,2026-05-31 21:42:51.235000+00:00,5015081,LÜM_SAATLİK_TOROSLAR_GÜNEŞ,10945,2026-05-31T00:00:00+03:00,00:00
40X0000000109452,K3 ENERJİSA TOROSLAR ELEKTRİK PERAKENDE SATIŞ ANONİM ŞİRKETİ,unknown,2026-05-31 01:00:00+03:00,,0.0,chunk_0084.json,POST /v1/generation/data/dpp-bulk,2026-05-31 21:42:51.235000+00:00,5015081,LÜM_SAATLİK_TOROSLAR_GÜNEŞ,10945,2026-05-31T01:00:00+03:00,01:00
40X0000000109452,K3 ENERJİSA TOROSLAR ELEKTRİK PERAKENDE SATIŞ ANONİM ŞİRKETİ,unknown,2026-05-31 02:00:00+03:00,,0.0,chunk_0084.json,POST /v1/generation/data/dpp-bulk,2026-05-31 21:42:51.235000+00:00,5015081,LÜM_SAATLİK_TOROSLAR_GÜNEŞ,10945,2026-05-31T02:00:00+03:00,02:00
40X0000000109452,K3 ENERJİSA TOROSLAR ELEKTRİK PERAKENDE SATIŞ ANONİM ŞİRKETİ,unknown,2026-05-31 03:00:00+03:00,,0.0,chunk_0084.json,POST /v1/generation/data/dpp-bulk,2026-05-31 21:42:51.235000+00:00,5015081,LÜM_SAATLİK_TOROSLAR_GÜNEŞ,10945,2026-05-31T03:00:00+03:00,03:00
40X0000000109452,K3 ENERJİSA TOROSLAR ELEKTRİK PERAKENDE SATIŞ ANONİM ŞİRKETİ,unknown,2026-05-31 04:00:00+03:00,,0.0,chunk_0084.json,POST /v1/generation/data/dpp-bulk,2026-05-31 21:42:51.235000+00:00,5015081,LÜM_SAATLİK_TOROSLAR_GÜNEŞ,10945,2026-05-31T04:00:00+03:00,04:00
40X0000000109452,K3 ENERJİSA TOROSLAR ELEKTRİK PERAKENDE SATIŞ ANONİM ŞİRKETİ,unknown,2026-05-31 05:00:00+03:00,,12.19,chunk_0084.json,POST /v1/generation/data/dpp-bulk,2026-05-31 21:42:51.235000+00:00,5015081,LÜM_SAATLİK_TOROSLAR_GÜNEŞ,10945,2026-05-31T05:00:00+03:00,05:00
40X0000000109452,K3 ENERJİSA TOROSLAR ELEKTRİK PERAKENDE SATIŞ ANONİM ŞİRKETİ,unknown,2026-05-31 06:00:00+03:00,,132.95,chunk_0084.json,POST /v1/generation/data/dpp-bulk,2026-05-31 21:42:51.235000+00:00,5015081,LÜM_SAATLİK_TOROSLAR_GÜNEŞ,10945,2026-05-31T06:00:00+03:00,06:00
40X0000000109452,K3 ENERJİSA TOROSLAR ELEKTRİK PERAKENDE SATIŞ ANONİM ŞİRKETİ,unknown,2026-05-31 07:00:00+03:00,,407.35,chunk_0084.json,POST /v1/generation/data/dpp-bulk,2026-05-31 21:42:51.235000+00:00,5015081,LÜM_SAATLİK_TOROSLAR_GÜNEŞ,10945,2026-05-31T07:00:00+03:00,07:00
40X0000000109452,K3 ENERJİSA TOROSLAR ELEKTRİK PERAKENDE SATIŞ ANONİM ŞİRKETİ,unknown,2026-05-31 08:00:00+03:00,,742.54,chunk_0084.json,POST /v1/generation/data/dpp-bulk,2026-05-31 21:42:51.235000+00:00,5015081,LÜM_SAATLİK_TOROSLAR_GÜNEŞ,10945,2026-05-31T08:00:00+03:00,08:00
40X0000000109452,K3 ENERJİSA TOROSLAR ELEKTRİK PERAKENDE SATIŞ ANONİM ŞİRKETİ,unknown,2026-05-31 09:00:00+03:00,,1019.08,chunk_0084.json,POST /v1/generation/data/dpp-bulk,2026-05-31 21:42:51.235000+00:00,5015081,LÜM_SAATLİK_TOROSLAR_GÜNEŞ,10945,2026-05-31T09:00:00+03:00,09:00
40X0000000109452,K3 ENERJİSA TOROSLAR ELEKTRİK PERAKENDE SATIŞ ANONİM ŞİRKETİ,unknown,2026-05-31 10:00:00+03:00,,1189.72,chunk_0084.json,POST /v1/generation/data/dpp-bulk,2026-05-31 21:42:51.235000+00:00,5015081,LÜM_SAATLİK_TOROSLAR_GÜNEŞ,10945,2026-05-31T10:00:00+03:00,10:00
40X0000000109452,K3 ENERJİSA TOROSLAR ELEKTRİK PERAKENDE SATIŞ ANONİM ŞİRKETİ,unknown,2026-05-31 11:00:00+03:00,,1276.39,chunk_0084.json,POST /v1/generation/data/dpp-bulk,2026-05-31 21:42:51.235000+00:00,5015081,LÜM_SAATLİK_TOROSLAR_GÜNEŞ,10945,2026-05-31T11:00:00+03:00,11:00
40X0000000109452,K3 ENERJİSA TOROSLAR ELEKTRİK PERAKENDE SATIŞ ANONİM ŞİRKETİ,unknown,2026-05-31 12:00:00+03:00,,1297.07,chunk_0084.json,POST /v1/generation/data/dpp-bulk,2026-05-31 21:42:51.235000+00:00,5015081,LÜM_SAATLİK_TOROSLAR_GÜNEŞ,10945,2026-05-31T12:00:00+03:00,12:00
40X0000000109452,K3 ENERJİSA TOROSLAR ELEKTRİK PERAKENDE SATIŞ ANONİM ŞİRKETİ,unknown,2026-05-31 13:00:00+03:00,,1260.62,chunk_0084.json,POST /v1/generation/data/dpp-bulk,2026-05-31 21:42:51.235000+00:00,5015081,LÜM_SAATLİK_TOROSLAR_GÜNEŞ,10945,2026-05-31T13:00:00+03:00,13:00
40X0000000109452,K3 ENERJİSA TOROSLAR ELEKTRİK PERAKENDE SATIŞ ANONİM ŞİRKETİ,unknown,2026-05-31 14:00:00+03:00,,1156.33,chunk_0084.json,POST /v1/generation/data/dpp-bulk,2026-05-31 21:42:51.235000+00:00,5015081,LÜM_SAATLİK_TOROSLAR_GÜNEŞ,10945,2026-05-31T14:00:00+03:00,14:00
40X0000000109452,K3 ENERJİSA TOROSLAR ELEKTRİK PERAKENDE SATIŞ ANONİM ŞİRKETİ,unknown,2026-05-31 15:00:00+03:00,,962.72,chunk_0084.json,POST /v1/generation/data/dpp-bulk,2026-05-31 21:42:51.235000+00:00,5015081,LÜM_SAATLİK_TOROSLAR_GÜNEŞ,10945,2026-05-31T15:00:00+03:00,15:00
40X0000000109452,K3 ENERJİSA TOROSLAR ELEKTRİK PERAKENDE SATIŞ ANONİM ŞİRKETİ,unknown,2026-05-31 16:00:00+03:00,,692.46,chunk_0084.json,POST /v1/generation/data/dpp-bulk,2026-05-31 21:42:51.235000+00:00,5015081,LÜM_SAATLİK_TOROSLAR_GÜNEŞ,10945,2026-05-31T16:00:00+03:00,16:00
40X0000000109452,K3 ENERJİSA TOROSLAR ELEKTRİK PERAKENDE SATIŞ ANONİM ŞİRKETİ,unknown,2026-05-31 17:00:00+03:00,,385.31,chunk_0084.json,POST /v1/generation/data/dpp-bulk,2026-05-31 21:42:51.235000+00:00,5015081,LÜM_SAATLİK_TOROSLAR_GÜNEŞ,10945,2026-05-31T17:00:00+03:00,17:00
40X0000000109452,K3 ENERJİSA TOROSLAR ELEKTRİK PERAKENDE SATIŞ ANONİM ŞİRKETİ,unknown,2026-05-31 18:00:00+03:00,,133.26,chunk_0084.json,POST /v1/generation/data/dpp-bulk,2026-05-31 21:42:51.235000+00:00,5015081,LÜM_SAATLİK_TOROSLAR_GÜNEŞ,10945,2026-05-31T18:00:00+03:00,18:00
40X0000000109452,K3 ENERJİSA TOROSLAR ELEKTRİK PERAKENDE SATIŞ ANONİM ŞİRKETİ,unknown,2026-05-31 19:00:00+03:00,,16.87,chunk_0084.json,POST /v1/generation/data/dpp-bulk,2026-05-31 21:42:51.235000+00:00,5015081,LÜM_SAATLİK_TOROSLAR_GÜNEŞ,10945,2026-05-31T19:00:00+03:00,19:00
40X0000000109452,K3 ENERJİSA TOROSLAR ELEKTRİK PERAKENDE SATIŞ ANONİM ŞİRKETİ,unknown,2026-05-31 20:00:00+03:00,,0.0,chunk_0084.json,POST /v1/generation/data/dpp-bulk,2026-05-31 21:42:51.235000+00:00,5015081,LÜM_SAATLİK_TOROSLAR_GÜNEŞ,10945,2026-05-31T20:00:00+03:00,20:00
40X0000000109452,K3 ENERJİSA TOROSLAR ELEKTRİK PERAKENDE SATIŞ ANONİM ŞİRKETİ,unknown,2026-05-31 21:00:00+03:00,,0.0,chunk_0084.json,POST /v1/generation/data/dpp-bulk,2026-05-31 21:42:51.235000+00:00,5015081,LÜM_SAATLİK_TOROSLAR_GÜNEŞ,10945,2026-05-31T21:00:00+03:00,21:00
40X0000000109452,K3 ENERJİSA TOROSLAR ELEKTRİK PERAKENDE SATIŞ ANONİM ŞİRKETİ,unknown,2026-05-31 22:00:00+03:00,,0.0,chunk_0084.json,POST /v1/generation/data/dpp-bulk,2026-05-31 21:42:51.235000+00:00,5015081,LÜM_SAATLİK_TOROSLAR_GÜNEŞ,10945,2026-05-31T22:00:00+03:00,22:00
40X0000000109452,K3 ENERJİSA TOROSLAR ELEKTRİK PERAKENDE SATIŞ ANONİM ŞİRKETİ,unknown,2026-05-31 23:00:00+03:00,,0.0,chunk_0084.json,POST /v1/generation/data/dpp-bulk,2026-05-31 21:42:51.235000+00:00,5015081,LÜM_SAATLİK_TOROSLAR_GÜNEŞ,10945,2026-05-31T23:00:00+03:00,23:00
40X0000000109452,K3 ENERJİSA TOROSLAR ELEKTRİK PERAKENDE SATIŞ ANONİM ŞİRKETİ,unknown,2026-05-31 00:00:00+03:00,,0.0,chunk_0084.json,POST /v1/generation/data/dpp-bulk,2026-05-31 21:42:51.235000+00:00,5015121,LÜM_SAATLİK_TOROSLAR_RÜZGAR,10945,2026-05-31T00:00:00+03:00,00:00
40X0000000109452,K3 ENERJİSA TOROSLAR ELEKTRİK PERAKENDE SATIŞ ANONİM ŞİRKETİ,unknown,2026-05-31 01:00:00+03:00,,0.0,chunk_0084.json,POST /v1/generation/data/dpp-bulk,2026-05-31 21:42:51.235000+00:00,5015121,LÜM_SAATLİK_TOROSLAR_RÜZGAR,10945,2026-05-31T01:00:00+03:00,01:00
40X0000000109452,K3 ENERJİSA TOROSLAR ELEKTRİK PERAKENDE SATIŞ ANONİM ŞİRKETİ,unknown,2026-05-31 02:00:00+03:00,,0.0,chunk_0084.json,POST /v1/generation/data/dpp-bulk,2026-05-31 21:42:51.235000+00:00,5015121,LÜM_SAATLİK_TOROSLAR_RÜZGAR,10945,2026-05-31T02:00:00+03:00,02:00
40X0000000109452,K3 ENERJİSA TOROSLAR ELEKTRİK PERAKENDE SATIŞ ANONİM ŞİRKETİ,unknown,2026-05-31 03:00:00+03:00,,0.0,chunk_0084.json,POST /v1/generation/data/dpp-bulk,2026-05-31 21:42:51.235000+00:00,5015121,LÜM_SAATLİK_TOROSLAR_RÜZGAR,10945,2026-05-31T03:00:00+03:00,03:00
40X0000000109452,K3 ENERJİSA TOROSLAR ELEKTRİK PERAKENDE SATIŞ ANONİM ŞİRKETİ,unknown,2026-05-31 04:00:00+03:00,,0.0,chunk_0084.json,POST /v1/generation/data/dpp-bulk,2026-05-31 21:42:51.235000+00:00,5015121,LÜM_SAATLİK_TOROSLAR_RÜZGAR,10945,2026-05-31T04:00:00+03:00,04:00
40X0000000109452,K3 ENERJİSA TOROSLAR ELEKTRİK PERAKENDE SATIŞ ANONİM ŞİRKETİ,unknown,2026-05-31 05:00:00+03:00,,0.0,chunk_0084.json,POST /v1/generation/data/dpp-bulk,2026-05-31 21:42:51.235000+00:00,5015121,LÜM_SAATLİK_TOROSLAR_RÜZGAR,10945,2026-05-31T05:00:00+03:00,05:00
40X0000000109452,K3 ENERJİSA TOROSLAR ELEKTRİK PERAKENDE SATIŞ ANONİM ŞİRKETİ,unknown,2026-05-31 06:00:00+03:00,,0.05,chunk_0084.json,POST /v1/generation/data/dpp-bulk,2026-05-31 21:42:51.235000+00:00,5015121,LÜM_SAATLİK_TOROSLAR_RÜZGAR,10945,2026-05-31T06:00:00+03:00,06:00
40X0000000109452,K3 ENERJİSA TOROSLAR ELEKTRİK PERAKENDE SATIŞ ANONİM ŞİRKETİ,unknown,2026-05-31 07:00:00+03:00,,0.17,chunk_0084.json,POST /v1/generation/data/dpp-bulk,2026-05-31 21:42:51.235000+00:00,5015121,LÜM_SAATLİK_TOROSLAR_RÜZGAR,10945,2026-05-31T07:00:00+03:00,07:00
40X0000000109452,K3 ENERJİSA TOROSLAR ELEKTRİK PERAKENDE SATIŞ ANONİM ŞİRKETİ,unknown,2026-05-31 08:00:00+03:00,,0.31,chunk_0084.json,POST /v1/generation/data/dpp-bulk,2026-05-31 21:42:51.235000+00:00,5015121,LÜM_SAATLİK_TOROSLAR_RÜZGAR,10945,2026-05-31T08:00:00+03:00,08:00
40X0000000109452,K3 ENERJİSA TOROSLAR ELEKTRİK PERAKENDE SATIŞ ANONİM ŞİRKETİ,unknown,2026-05-31 09:00:00+03:00,,0.43,chunk_0084.json,POST /v1/generation/data/dpp-bulk,2026-05-31 21:42:51.235000+00:00,5015121,LÜM_SAATLİK_TOROSLAR_RÜZGAR,10945,2026-05-31T09:00:00+03:00,09:00
40X0000000109452,K3 ENERJİSA TOROSLAR ELEKTRİK PERAKENDE SATIŞ ANONİM ŞİRKETİ,unknown,2026-05-31 10:00:00+03:00,,0.51,chunk_0084.json,POST /v1/generation/data/dpp-bulk,2026-05-31 21:42:51.235000+00:00,5015121,LÜM_SAATLİK_TOROSLAR_RÜZGAR,10945,2026-05-31T10:00:00+03:00,10:00
40X0000000109452,K3 ENERJİSA TOROSLAR ELEKTRİK PERAKENDE SATIŞ ANONİM ŞİRKETİ,unknown,2026-05-31 11:00:00+03:00,,0.54,chunk_0084.json,POST /v1/generation/data/dpp-bulk,2026-05-31 21:42:51.235000+00:00,5015121,LÜM_SAATLİK_TOROSLAR_RÜZGAR,10945,2026-05-31T11:00:00+03:00,11:00
40X0000000109452,K3 ENERJİSA TOROSLAR ELEKTRİK PERAKENDE SATIŞ ANONİM ŞİRKETİ,unknown,2026-05-31 12:00:00+03:00,,0.55,chunk_0084.json,POST /v1/generation/data/dpp-bulk,2026-05-31 21:42:51.235000+00:00,5015121,LÜM_SAATLİK_TOROSLAR_RÜZGAR,10945,2026-05-31T12:00:00+03:00,12:00
40X0000000109452,K3 ENERJİSA TOROSLAR ELEKTRİK PERAKENDE SATIŞ ANONİM ŞİRKETİ,unknown,2026-05-31 13:00:00+03:00,,0.54,chunk_0084.json,POST /v1/generation/data/dpp-bulk,2026-05-31 21:42:51.235000+00:00,5015121,LÜM_SAATLİK_TOROSLAR_RÜZGAR,10945,2026-05-31T13:00:00+03:00,13:00
40X0000000109452,K3 ENERJİSA TOROSLAR ELEKTRİK PERAKENDE SATIŞ ANONİM ŞİRKETİ,unknown,2026-05-31 14:00:00+03:00,,0.49,chunk_0084.json,POST /v1/generation/data/dpp-bulk,2026-05-31 21:42:51.235000+00:00,5015121,LÜM_SAATLİK_TOROSLAR_RÜZGAR,10945,2026-05-31T14:00:00+03:00,14:00
40X0000000109452,K3 ENERJİSA TOROSLAR ELEKTRİK PERAKENDE SATIŞ ANONİM ŞİRKETİ,unknown,2026-05-31 15:00:00+03:00,,0.41,chunk_0084.json,POST /v1/generation/data/dpp-bulk,2026-05-31 21:42:51.235000+00:00,5015121,LÜM_SAATLİK_TOROSLAR_RÜZGAR,10945,2026-05-31T15:00:00+03:00,15:00
40X0000000109452,K3 ENERJİSA TOROSLAR ELEKTRİK PERAKENDE SATIŞ ANONİM ŞİRKETİ,unknown,2026-05-31 16:00:00+03:00,,0.29,chunk_0084.json,POST /v1/generation/data/dpp-bulk,2026-05-31 21:42:51.235000+00:00,5015121,LÜM_SAATLİK_TOROSLAR_RÜZGAR,10945,2026-05-31T16:00:00+03:00,16:00
40X0000000109452,K3 ENERJİSA TOROSLAR ELEKTRİK PERAKENDE SATIŞ ANONİM ŞİRKETİ,unknown,2026-05-31 17:00:00+03:00,,0.16,chunk_0084.json,POST /v1/generation/data/dpp-bulk,2026-05-31 21:42:51.235000+00:00,5015121,LÜM_SAATLİK_TOROSLAR_RÜZGAR,10945,2026-05-31T17:00:00+03:00,17:00
40X0000000109452,K3 ENERJİSA TOROSLAR ELEKTRİK PERAKENDE SATIŞ ANONİM ŞİRKETİ,unknown,2026-05-31 18:00:00+03:00,,0.05,chunk_0084.json,POST /v1/generation/data/dpp-bulk,2026-05-31 21:42:51.235000+00:00,5015121,LÜM_SAATLİK_TOROSLAR_RÜZGAR,10945,2026-05-31T18:00:00+03:00,18:00
40X0000000109452,K3 ENERJİSA TOROSLAR ELEKTRİK PERAKENDE SATIŞ ANONİM ŞİRKETİ,unknown,2026-05-31 19:00:00+03:00,,0.0,chunk_0084.json,POST /v1/generation/data/dpp-bulk,2026-05-31 21:42:51.235000+00:00,5015121,LÜM_SAATLİK_TOROSLAR_RÜZGAR,10945,2026-05-31T19:00:00+03:00,19:00
40X0000000109452,K3 ENERJİSA TOROSLAR ELEKTRİK PERAKENDE SATIŞ ANONİM ŞİRKETİ,unknown,2026-05-31 20:00:00+03:00,,0.0,chunk_0084.json,POST /v1/generation/data/dpp-bulk,2026-05-31 21:42:51.235000+00:00,5015121,LÜM_SAATLİK_TOROSLAR_RÜZGAR,10945,2026-05-31T20:00:00+03:00,20:00
40X0000000109452,K3 ENERJİSA TOROSLAR ELEKTRİK PERAKENDE SATIŞ ANONİM ŞİRKETİ,unknown,2026-05-31 21:00:00+03:00,,0.0,chunk_0084.json,POST /v1/generation/data/dpp-bulk,2026-05-31 21:42:51.235000+00:00,5015121,LÜM_SAATLİK_TOROSLAR_RÜZGAR,10945,2026-05-31T21:00:00+03:00,21:00
40X0000000109452,K3 ENERJİSA TOROSLAR ELEKTRİK PERAKENDE SATIŞ ANONİM ŞİRKETİ,unknown,2026-05-31 22:00:00+03:00,,0.0,chunk_0084.json,POST /v1/generation/data/dpp-bulk,2026-05-31 21:42:51.235000+00:00,5015121,LÜM_SAATLİK_TOROSLAR_RÜZGAR,10945,2026-05-31T22:00:00+03:00,22:00
40X0000000109452,K3 ENERJİSA TOROSLAR ELEKTRİK PERAKENDE SATIŞ ANONİM ŞİRKETİ,unknown,2026-05-31 23:00:00+03:00,,0.0,chunk_0084.json,POST /v1/generation/data/dpp-bulk,2026-05-31 21:42:51.235000+00:00,5015121,LÜM_SAATLİK_TOROSLAR_RÜZGAR,10945,2026-05-31T23:00:00+03:00,23:00
40X0000000109452,K3 ENERJİSA TOROSLAR ELEKTRİK PERAKENDE SATIŞ ANONİM ŞİRKETİ,unknown,2026-05-31 00:00:00+03:00,,0.0,chunk_0084.json,POST /v1/generation/data/dpp-bulk,2026-05-31 21:42:51.235000+00:00,5015129,LÜM_SAATLİK_TOROSLAR_BİYOKÜTLE,10945,2026-05-31T00:00:00+03:00,00:00
40X0000000109452,K3 ENERJİSA TOROSLAR ELEKTRİK PERAKENDE SATIŞ ANONİM ŞİRKETİ,unknown,2026-05-31 01:00:00+03:00,,0.0,chunk_0084.json,POST /v1/generation/data/dpp-bulk,2026-05-31 21:42:51.235000+00:00,5015129,LÜM_SAATLİK_TOROSLAR_BİYOKÜTLE,10945,2026-05-31T01:00:00+03:00,01:00
40X0000000109452,K3 ENERJİSA TOROSLAR ELEKTRİK PERAKENDE SATIŞ ANONİM ŞİRKETİ,unknown,2026-05-31 02:00:00+03:00,,0.0,chunk_0084.json,POST /v1/generation/data/dpp-bulk,2026-05-31 21:42:51.235000+00:00,5015129,LÜM_SAATLİK_TOROSLAR_BİYOKÜTLE,10945,2026-05-31T02:00:00+03:00,02:00
40X0000000109452,K3 ENERJİSA TOROSLAR ELEKTRİK PERAKENDE SATIŞ ANONİM ŞİRKETİ,unknown,2026-05-31 03:00:00+03:00,,0.0,chunk_0084.json,POST /v1/generation/data/dpp-bulk,2026-05-31 21:42:51.235000+00:00,5015129,LÜM_SAATLİK_TOROSLAR_BİYOKÜTLE,10945,2026-05-31T03:00:00+03:00,03:00
40X0000000109452,K3 ENERJİSA TOROSLAR ELEKTRİK PERAKENDE SATIŞ ANONİM ŞİRKETİ,unknown,2026-05-31 04:00:00+03:00,,0.0,chunk_0084.json,POST /v1/generation/data/dpp-bulk,2026-05-31 21:42:51.235000+00:00,5015129,LÜM_SAATLİK_TOROSLAR_BİYOKÜTLE,10945,2026-05-31T04:00:00+03:00,04:00
40X0000000109452,K3 ENERJİSA TOROSLAR ELEKTRİK PERAKENDE SATIŞ ANONİM ŞİRKETİ,unknown,2026-05-31 05:00:00+03:00,,0.0,chunk_0084.json,POST /v1/generation/data/dpp-bulk,2026-05-31 21:42:51.235000+00:00,5015129,LÜM_SAATLİK_TOROSLAR_BİYOKÜTLE,10945,2026-05-31T05:00:00+03:00,05:00
40X0000000109452,K3 ENERJİSA TOROSLAR ELEKTRİK PERAKENDE SATIŞ ANONİM ŞİRKETİ,unknown,2026-05-31 06:00:00+03:00,,0.06,chunk_0084.json,POST /v1/generation/data/dpp-bulk,2026-05-31 21:42:51.235000+00:00,5015129,LÜM_SAATLİK_TOROSLAR_BİYOKÜTLE,10945,2026-05-31T06:00:00+03:00,06:00
40X0000000109452,K3 ENERJİSA TOROSLAR ELEKTRİK PERAKENDE SATIŞ ANONİM ŞİRKETİ,unknown,2026-05-31 07:00:00+03:00,,0.19,chunk_0084.json,POST /v1/generation/data/dpp-bulk,2026-05-31 21:42:51.235000+00:00,5015129,LÜM_SAATLİK_TOROSLAR_BİYOKÜTLE,10945,2026-05-31T07:00:00+03:00,07:00
40X0000000109452,K3 ENERJİSA TOROSLAR ELEKTRİK PERAKENDE SATIŞ ANONİM ŞİRKETİ,unknown,2026-05-31 08:00:00+03:00,,0.34,chunk_0084.json,POST /v1/generation/data/dpp-bulk,2026-05-31 21:42:51.235000+00:00,5015129,LÜM_SAATLİK_TOROSLAR_BİYOKÜTLE,10945,2026-05-31T08:00:00+03:00,08:00
40X0000000109452,K3 ENERJİSA TOROSLAR ELEKTRİK PERAKENDE SATIŞ ANONİM ŞİRKETİ,unknown,2026-05-31 09:00:00+03:00,,0.47,chunk_0084.json,POST /v1/generation/data/dpp-bulk,2026-05-31 21:42:51.235000+00:00,5015129,LÜM_SAATLİK_TOROSLAR_BİYOKÜTLE,10945,2026-05-31T09:00:00+03:00,09:00
40X0000000109452,K3 ENERJİSA TOROSLAR ELEKTRİK PERAKENDE SATIŞ ANONİM ŞİRKETİ,unknown,2026-05-31 10:00:00+03:00,,0.55,chunk_0084.json,POST /v1/generation/data/dpp-bulk,2026-05-31 21:42:51.235000+00:00,5015129,LÜM_SAATLİK_TOROSLAR_BİYOKÜTLE,10945,2026-05-31T10:00:00+03:00,10:00
40X0000000109452,K3 ENERJİSA TOROSLAR ELEKTRİK PERAKENDE SATIŞ ANONİM ŞİRKETİ,unknown,2026-05-31 11:00:00+03:00,,0.59,chunk_0084.json,POST /v1/generation/data/dpp-bulk,2026-05-31 21:42:51.235000+00:00,5015129,LÜM_SAATLİK_TOROSLAR_BİYOKÜTLE,10945,2026-05-31T11:00:00+03:00,11:00
40X0000000109452,K3 ENERJİSA TOROSLAR ELEKTRİK PERAKENDE SATIŞ ANONİM ŞİRKETİ,unknown,2026-05-31 12:00:00+03:00,,0.6,chunk_0084.json,POST /v1/generation/data/dpp-bulk,2026-05-31 21:42:51.235000+00:00,5015129,LÜM_SAATLİK_TOROSLAR_BİYOKÜTLE,10945,2026-05-31T12:00:00+03:00,12:00
40X0000000109452,K3 ENERJİSA TOROSLAR ELEKTRİK PERAKENDE SATIŞ ANONİM ŞİRKETİ,unknown,2026-05-31 13:00:00+03:00,,0.59,chunk_0084.json,POST /v1/generation/data/dpp-bulk,2026-05-31 21:42:51.235000+00:00,5015129,LÜM_SAATLİK_TOROSLAR_BİYOKÜTLE,10945,2026-05-31T13:00:00+03:00,13:00
40X0000000109452,K3 ENERJİSA TOROSLAR ELEKTRİK PERAKENDE SATIŞ ANONİM ŞİRKETİ,unknown,2026-05-31 14:00:00+03:00,,0.54,chunk_0084.json,POST /v1/generation/data/dpp-bulk,2026-05-31 21:42:51.235000+00:00,5015129,LÜM_SAATLİK_TOROSLAR_BİYOKÜTLE,10945,2026-05-31T14:00:00+03:00,14:00
40X0000000109452,K3 ENERJİSA TOROSLAR ELEKTRİK PERAKENDE SATIŞ ANONİM ŞİRKETİ,unknown,2026-05-31 15:00:00+03:00,,0.45,chunk_0084.json,POST /v1/generation/data/dpp-bulk,2026-05-31 21:42:51.235000+00:00,5015129,LÜM_SAATLİK_TOROSLAR_BİYOKÜTLE,10945,2026-05-31T15:00:00+03:00,15:00
40X0000000109452,K3 ENERJİSA TOROSLAR ELEKTRİK PERAKENDE SATIŞ ANONİM ŞİRKETİ,unknown,2026-05-31 16:00:00+03:00,,0.32,chunk_0084.json,POST /v1/generation/data/dpp-bulk,2026-05-31 21:42:51.235000+00:00,5015129,LÜM_SAATLİK_TOROSLAR_BİYOKÜTLE,10945,2026-05-31T16:00:00+03:00,16:00
40X0000000109452,K3 ENERJİSA TOROSLAR ELEKTRİK PERAKENDE SATIŞ ANONİM ŞİRKETİ,unknown,2026-05-31 17:00:00+03:00,,0.18,chunk_0084.json,POST /v1/generation/data/dpp-bulk,2026-05-31 21:42:51.235000+00:00,5015129,LÜM_SAATLİK_TOROSLAR_BİYOKÜTLE,10945,2026-05-31T17:00:00+03:00,17:00
40X0000000109452,K3 ENERJİSA TOROSLAR ELEKTRİK PERAKENDE SATIŞ ANONİM ŞİRKETİ,unknown,2026-05-31 18:00:00+03:00,,0.06,chunk_0084.json,POST /v1/generation/data/dpp-bulk,2026-05-31 21:42:51.235000+00:00,5015129,LÜM_SAATLİK_TOROSLAR_BİYOKÜTLE,10945,2026-05-31T18:00:00+03:00,18:00
40X0000000109452,K3 ENERJİSA TOROSLAR ELEKTRİK PERAKENDE SATIŞ ANONİM ŞİRKETİ,unknown,2026-05-31 19:00:00+03:00,,0.0,chunk_0084.json,POST /v1/generation/data/dpp-bulk,2026-05-31 21:42:51.235000+00:00,5015129,LÜM_SAATLİK_TOROSLAR_BİYOKÜTLE,10945,2026-05-31T19:00:00+03:00,19:00
40X0000000109452,K3 ENERJİSA TOROSLAR ELEKTRİK PERAKENDE SATIŞ ANONİM ŞİRKETİ,unknown,2026-05-31 20:00:00+03:00,,0.0,chunk_0084.json,POST /v1/generation/data/dpp-bulk,2026-05-31 21:42:51.235000+00:00,5015129,LÜM_SAATLİK_TOROSLAR_BİYOKÜTLE,10945,2026-05-31T20:00:00+03:00,20:00
40X0000000109452,K3 ENERJİSA TOROSLAR ELEKTRİK PERAKENDE SATIŞ ANONİM ŞİRKETİ,unknown,2026-05-31 21:00:00+03:00,,0.0,chunk_0084.json,POST /v1/generation/data/dpp-bulk,2026-05-31 21:42:51.235000+00:00,5015129,LÜM_SAATLİK_TOROSLAR_BİYOKÜTLE,10945,2026-05-31T21:00:00+03:00,21:00
40X0000000109452,K3 ENERJİSA TOROSLAR ELEKTRİK PERAKENDE SATIŞ ANONİM ŞİRKETİ,unknown,2026-05-31 22:00:00+03:00,,0.0,chunk_0084.json,POST /v1/generation/data/dpp-bulk,2026-05-31 21:42:51.235000+00:00,5015129,LÜM_SAATLİK_TOROSLAR_BİYOKÜTLE,10945,2026-05-31T22:00:00+03:00,22:00
40X0000000109452,K3 ENERJİSA TOROSLAR ELEKTRİK PERAKENDE SATIŞ ANONİM ŞİRKETİ,unknown,2026-05-31 23:00:00+03:00,,0.0,chunk_0084.json,POST /v1/generation/data/dpp-bulk,2026-05-31 21:42:51.235000+00:00,5015129,LÜM_SAATLİK_TOROSLAR_BİYOKÜTLE,10945,2026-05-31T23:00:00+03:00,23:00
40X0000000109533,K3 ULUDAĞ PERAKENDE ELEKTRİK SATIŞ A.Ş.,unknown,2026-05-31 00:00:00+03:00,,2.0,chunk_0084.json,POST /v1/generation/data/dpp-bulk,2026-05-31 21:42:51.235000+00:00,5015085,LÜM_SAATLİK_ULUDAĞ_GÜNEŞ,10953,2026-05-31T00:00:00+03:00,00:00
40X0000000109533,K3 ULUDAĞ PERAKENDE ELEKTRİK SATIŞ A.Ş.,unknown,2026-05-31 01:00:00+03:00,,1.5,chunk_0084.json,POST /v1/generation/data/dpp-bulk,2026-05-31 21:42:51.235000+00:00,5015085,LÜM_SAATLİK_ULUDAĞ_GÜNEŞ,10953,2026-05-31T01:00:00+03:00,01:00
40X0000000109533,K3 ULUDAĞ PERAKENDE ELEKTRİK SATIŞ A.Ş.,unknown,2026-05-31 02:00:00+03:00,,1.4,chunk_0084.json,POST /v1/generation/data/dpp-bulk,2026-05-31 21:42:51.235000+00:00,5015085,LÜM_SAATLİK_ULUDAĞ_GÜNEŞ,10953,2026-05-31T02:00:00+03:00,02:00
40X0000000109533,K3 ULUDAĞ PERAKENDE ELEKTRİK SATIŞ A.Ş.,unknown,2026-05-31 03:00:00+03:00,,1.3,chunk_0084.json,POST /v1/generation/data/dpp-bulk,2026-05-31 21:42:51.235000+00:00,5015085,LÜM_SAATLİK_ULUDAĞ_GÜNEŞ,10953,2026-05-31T03:00:00+03:00,03:00
40X0000000109533,K3 ULUDAĞ PERAKENDE ELEKTRİK SATIŞ A.Ş.,unknown,2026-05-31 04:00:00+03:00,,1.3,chunk_0084.json,POST /v1/generation/data/dpp-bulk,2026-05-31 21:42:51.235000+00:00,5015085,LÜM_SAATLİK_ULUDAĞ_GÜNEŞ,10953,2026-05-31T04:00:00+03:00,04:00
40X0000000109533,K3 ULUDAĞ PERAKENDE ELEKTRİK SATIŞ A.Ş.,unknown,2026-05-31 05:00:00+03:00,,1.6,chunk_0084.json,POST /v1/generation/data/dpp-bulk,2026-05-31 21:42:51.235000+00:00,5015085,LÜM_SAATLİK_ULUDAĞ_GÜNEŞ,10953,2026-05-31T05:00:00+03:00,05:00
40X0000000109533,K3 ULUDAĞ PERAKENDE ELEKTRİK SATIŞ A.Ş.,unknown,2026-05-31 06:00:00+03:00,,31.6,chunk_0084.json,POST /v1/generation/data/dpp-bulk,2026-05-31 21:42:51.235000+00:00,5015085,LÜM_SAATLİK_ULUDAĞ_GÜNEŞ,10953,2026-05-31T06:00:00+03:00,06:00
40X0000000109533,K3 ULUDAĞ PERAKENDE ELEKTRİK SATIŞ A.Ş.,unknown,2026-05-31 07:00:00+03:00,,134.6,chunk_0084.json,POST /v1/generation/data/dpp-bulk,2026-05-31 21:42:51.235000+00:00,5015085,LÜM_SAATLİK_ULUDAĞ_GÜNEŞ,10953,2026-05-31T07:00:00+03:00,07:00
40X0000000109533,K3 ULUDAĞ PERAKENDE ELEKTRİK SATIŞ A.Ş.,unknown,2026-05-31 08:00:00+03:00,,295.7,chunk_0084.json,POST /v1/generation/data/dpp-bulk,2026-05-31 21:42:51.235000+00:00,5015085,LÜM_SAATLİK_ULUDAĞ_GÜNEŞ,10953,2026-05-31T08:00:00+03:00,08:00
40X0000000109533,K3 ULUDAĞ PERAKENDE ELEKTRİK SATIŞ A.Ş.,unknown,2026-05-31 09:00:00+03:00,,440.1,chunk_0084.json,POST /v1/generation/data/dpp-bulk,2026-05-31 21:42:51.235000+00:00,5015085,LÜM_SAATLİK_ULUDAĞ_GÜNEŞ,10953,2026-05-31T09:00:00+03:00,09:00
40X0000000109533,K3 ULUDAĞ PERAKENDE ELEKTRİK SATIŞ A.Ş.,unknown,2026-05-31 10:00:00+03:00,,548.5,chunk_0084.json,POST /v1/generation/data/dpp-bulk,2026-05-31 21:42:51.235000+00:00,5015085,LÜM_SAATLİK_ULUDAĞ_GÜNEŞ,10953,2026-05-31T10:00:00+03:00,10:00
40X0000000109533,K3 ULUDAĞ PERAKENDE ELEKTRİK SATIŞ A.Ş.,unknown,2026-05-31 11:00:00+03:00,,606.4,chunk_0084.json,POST /v1/generation/data/dpp-bulk,2026-05-31 21:42:51.235000+00:00,5015085,LÜM_SAATLİK_ULUDAĞ_GÜNEŞ,10953,2026-05-31T11:00:00+03:00,11:00
40X0000000109533,K3 ULUDAĞ PERAKENDE ELEKTRİK SATIŞ A.Ş.,unknown,2026-05-31 12:00:00+03:00,,631.8,chunk_0084.json,POST /v1/generation/data/dpp-bulk,2026-05-31 21:42:51.235000+00:00,5015085,LÜM_SAATLİK_ULUDAĞ_GÜNEŞ,10953,2026-05-31T12:00:00+03:00,12:00
40X0000000109533,K3 ULUDAĞ PERAKENDE ELEKTRİK SATIŞ A.Ş.,unknown,2026-05-31 13:00:00+03:00,,610.4,chunk_0084.json,POST /v1/generation/data/dpp-bulk,2026-05-31 21:42:51.235000+00:00,5015085,LÜM_SAATLİK_ULUDAĞ_GÜNEŞ,10953,2026-05-31T13:00:00+03:00,13:00
40X0000000109533,K3 ULUDAĞ PERAKENDE ELEKTRİK SATIŞ A.Ş.,unknown,2026-05-31 14:00:00+03:00,,583.7,chunk_0084.json,POST /v1/generation/data/dpp-bulk,2026-05-31 21:42:51.235000+00:00,5015085,LÜM_SAATLİK_ULUDAĞ_GÜNEŞ,10953,2026-05-31T14:00:00+03:00,14:00
40X0000000109533,K3 ULUDAĞ PERAKENDE ELEKTRİK SATIŞ A.Ş.,unknown,2026-05-31 15:00:00+03:00,,518.5,chunk_0084.json,POST /v1/generation/data/dpp-bulk,2026-05-31 21:42:51.235000+00:00,5015085,LÜM_SAATLİK_ULUDAĞ_GÜNEŞ,10953,2026-05-31T15:00:00+03:00,15:00
40X0000000109533,K3 ULUDAĞ PERAKENDE ELEKTRİK SATIŞ A.Ş.,unknown,2026-05-31 16:00:00+03:00,,421.6,chunk_0084.json,POST /v1/generation/data/dpp-bulk,2026-05-31 21:42:51.235000+00:00,5015085,LÜM_SAATLİK_ULUDAĞ_GÜNEŞ,10953,2026-05-31T16:00:00+03:00,16:00
40X0000000109533,K3 ULUDAĞ PERAKENDE ELEKTRİK SATIŞ A.Ş.,unknown,2026-05-31 17:00:00+03:00,,279.4,chunk_0084.json,POST /v1/generation/data/dpp-bulk,2026-05-31 21:42:51.235000+00:00,5015085,LÜM_SAATLİK_ULUDAĞ_GÜNEŞ,10953,2026-05-31T17:00:00+03:00,17:00
40X0000000109533,K3 ULUDAĞ PERAKENDE ELEKTRİK SATIŞ A.Ş.,unknown,2026-05-31 18:00:00+03:00,,141.4,chunk_0084.json,POST /v1/generation/data/dpp-bulk,2026-05-31 21:42:51.235000+00:00,5015085,LÜM_SAATLİK_ULUDAĞ_GÜNEŞ,10953,2026-05-31T18:00:00+03:00,18:00
40X0000000109533,K3 ULUDAĞ PERAKENDE ELEKTRİK SATIŞ A.Ş.,unknown,2026-05-31 19:00:00+03:00,,52.9,chunk_0084.json,POST /v1/generation/data/dpp-bulk,2026-05-31 21:42:51.235000+00:00,5015085,LÜM_SAATLİK_ULUDAĞ_GÜNEŞ,10953,2026-05-31T19:00:00+03:00,19:00
40X0000000109533,K3 ULUDAĞ PERAKENDE ELEKTRİK SATIŞ A.Ş.,unknown,2026-05-31 20:00:00+03:00,,4.3,chunk_0084.json,POST /v1/generation/data/dpp-bulk,2026-05-31 21:42:51.235000+00:00,5015085,LÜM_SAATLİK_ULUDAĞ_GÜNEŞ,10953,2026-05-31T20:00:00+03:00,20:00
40X0000000109533,K3 ULUDAĞ PERAKENDE ELEKTRİK SATIŞ A.Ş.,unknown,2026-05-31 21:00:00+03:00,,3.5,chunk_0084.json,POST /v1/generation/data/dpp-bulk,2026-05-31 21:42:51.235000+00:00,5015085,LÜM_SAATLİK_ULUDAĞ_GÜNEŞ,10953,2026-05-31T21:00:00+03:00,21:00
40X0000000109533,K3 ULUDAĞ PERAKENDE ELEKTRİK SATIŞ A.Ş.,unknown,2026-05-31 22:00:00+03:00,,3.5,chunk_0084.json,POST /v1/generation/data/dpp-bulk,2026-05-31 21:42:51.235000+00:00,5015085,LÜM_SAATLİK_ULUDAĞ_GÜNEŞ,10953,2026-05-31T22:00:00+03:00,22:00
40X0000000109533,K3 ULUDAĞ PERAKENDE ELEKTRİK SATIŞ A.Ş.,unknown,2026-05-31 23:00:00+03:00,,3.2,chunk_0084.json,POST /v1/generation/data/dpp-bulk,2026-05-31 21:42:51.235000+00:00,5015085,LÜM_SAATLİK_ULUDAĞ_GÜNEŞ,10953,2026-05-31T23:00:00+03:00,23:00
40X0000000109533,K3 ULUDAĞ PERAKENDE ELEKTRİK SATIŞ A.Ş.,unknown,2026-05-31 00:00:00+03:00,,0.6,chunk_0084.json,POST /v1/generation/data/dpp-bulk,2026-05-31 21:42:51.235000+00:00,5015092,LÜM_SAATLİK_ULUDAĞ_RÜZGAR,10953,2026-05-31T00:00:00+03:00,00:00
40X0000000109533,K3 ULUDAĞ PERAKENDE ELEKTRİK SATIŞ A.Ş.,unknown,2026-05-31 01:00:00+03:00,,0.5,chunk_0084.json,POST /v1/generation/data/dpp-bulk,2026-05-31 21:42:51.235000+00:00,5015092,LÜM_SAATLİK_ULUDAĞ_RÜZGAR,10953,2026-05-31T01:00:00+03:00,01:00
40X0000000109533,K3 ULUDAĞ PERAKENDE ELEKTRİK SATIŞ A.Ş.,unknown,2026-05-31 02:00:00+03:00,,0.4,chunk_0084.json,POST /v1/generation/data/dpp-bulk,2026-05-31 21:42:51.235000+00:00,5015092,LÜM_SAATLİK_ULUDAĞ_RÜZGAR,10953,2026-05-31T02:00:00+03:00,02:00
40X0000000109533,K3 ULUDAĞ PERAKENDE ELEKTRİK SATIŞ A.Ş.,unknown,2026-05-31 03:00:00+03:00,,0.4,chunk_0084.json,POST /v1/generation/data/dpp-bulk,2026-05-31 21:42:51.235000+00:00,5015092,LÜM_SAATLİK_ULUDAĞ_RÜZGAR,10953,2026-05-31T03:00:00+03:00,03:00
40X0000000109533,K3 ULUDAĞ PERAKENDE ELEKTRİK SATIŞ A.Ş.,unknown,2026-05-31 04:00:00+03:00,,0.4,chunk_0084.json,POST /v1/generation/data/dpp-bulk,2026-05-31 21:42:51.235000+00:00,5015092,LÜM_SAATLİK_ULUDAĞ_RÜZGAR,10953,2026-05-31T04:00:00+03:00,04:00
40X0000000109533,K3 ULUDAĞ PERAKENDE ELEKTRİK SATIŞ A.Ş.,unknown,2026-05-31 05:00:00+03:00,,0.5,chunk_0084.json,POST /v1/generation/data/dpp-bulk,2026-05-31 21:42:51.235000+00:00,5015092,LÜM_SAATLİK_ULUDAĞ_RÜZGAR,10953,2026-05-31T05:00:00+03:00,05:00
40X0000000109533,K3 ULUDAĞ PERAKENDE ELEKTRİK SATIŞ A.Ş.,unknown,2026-05-31 06:00:00+03:00,,0.6,chunk_0084.json,POST /v1/generation/data/dpp-bulk,2026-05-31 21:42:51.235000+00:00,5015092,LÜM_SAATLİK_ULUDAĞ_RÜZGAR,10953,2026-05-31T06:00:00+03:00,06:00
40X0000000109533,K3 ULUDAĞ PERAKENDE ELEKTRİK SATIŞ A.Ş.,unknown,2026-05-31 07:00:00+03:00,,0.5,chunk_0084.json,POST /v1/generation/data/dpp-bulk,2026-05-31 21:42:51.235000+00:00,5015092,LÜM_SAATLİK_ULUDAĞ_RÜZGAR,10953,2026-05-31T07:00:00+03:00,07:00
40X0000000109533,K3 ULUDAĞ PERAKENDE ELEKTRİK SATIŞ A.Ş.,unknown,2026-05-31 08:00:00+03:00,,0.6,chunk_0084.json,POST /v1/generation/data/dpp-bulk,2026-05-31 21:42:51.235000+00:00,5015092,LÜM_SAATLİK_ULUDAĞ_RÜZGAR,10953,2026-05-31T08:00:00+03:00,08:00
40X0000000109533,K3 ULUDAĞ PERAKENDE ELEKTRİK SATIŞ A.Ş.,unknown,2026-05-31 09:00:00+03:00,,0.5,chunk_0084.json,POST /v1/generation/data/dpp-bulk,2026-05-31 21:42:51.235000+00:00,5015092,LÜM_SAATLİK_ULUDAĞ_RÜZGAR,10953,2026-05-31T09:00:00+03:00,09:00
40X0000000109533,K3 ULUDAĞ PERAKENDE ELEKTRİK SATIŞ A.Ş.,unknown,2026-05-31 10:00:00+03:00,,0.5,chunk_0084.json,POST /v1/generation/data/dpp-bulk,2026-05-31 21:42:51.235000+00:00,5015092,LÜM_SAATLİK_ULUDAĞ_RÜZGAR,10953,2026-05-31T10:00:00+03:00,10:00
40X0000000109533,K3 ULUDAĞ PERAKENDE ELEKTRİK SATIŞ A.Ş.,unknown,2026-05-31 11:00:00+03:00,,0.5,chunk_0084.json,POST /v1/generation/data/dpp-bulk,2026-05-31 21:42:51.235000+00:00,5015092,LÜM_SAATLİK_ULUDAĞ_RÜZGAR,10953,2026-05-31T11:00:00+03:00,11:00
40X0000000109533,K3 ULUDAĞ PERAKENDE ELEKTRİK SATIŞ A.Ş.,unknown,2026-05-31 12:00:00+03:00,,0.6,chunk_0084.json,POST /v1/generation/data/dpp-bulk,2026-05-31 21:42:51.235000+00:00,5015092,LÜM_SAATLİK_ULUDAĞ_RÜZGAR,10953,2026-05-31T12:00:00+03:00,12:00
40X0000000109533,K3 ULUDAĞ PERAKENDE ELEKTRİK SATIŞ A.Ş.,unknown,2026-05-31 13:00:00+03:00,,0.8,chunk_0084.json,POST /v1/generation/data/dpp-bulk,2026-05-31 21:42:51.235000+00:00,5015092,LÜM_SAATLİK_ULUDAĞ_RÜZGAR,10953,2026-05-31T13:00:00+03:00,13:00
40X0000000109533,K3 ULUDAĞ PERAKENDE ELEKTRİK SATIŞ A.Ş.,unknown,2026-05-31 14:00:00+03:00,,1.0,chunk_0084.json,POST /v1/generation/data/dpp-bulk,2026-05-31 21:42:51.235000+00:00,5015092,LÜM_SAATLİK_ULUDAĞ_RÜZGAR,10953,2026-05-31T14:00:00+03:00,14:00
40X0000000109533,K3 ULUDAĞ PERAKENDE ELEKTRİK SATIŞ A.Ş.,unknown,2026-05-31 15:00:00+03:00,,1.3,chunk_0084.json,POST /v1/generation/data/dpp-bulk,2026-05-31 21:42:51.235000+00:00,5015092,LÜM_SAATLİK_ULUDAĞ_RÜZGAR,10953,2026-05-31T15:00:00+03:00,15:00
40X0000000109533,K3 ULUDAĞ PERAKENDE ELEKTRİK SATIŞ A.Ş.,unknown,2026-05-31 16:00:00+03:00,,1.5,chunk_0084.json,POST /v1/generation/data/dpp-bulk,2026-05-31 21:42:51.235000+00:00,5015092,LÜM_SAATLİK_ULUDAĞ_RÜZGAR,10953,2026-05-31T16:00:00+03:00,16:00
40X0000000109533,K3 ULUDAĞ PERAKENDE ELEKTRİK SATIŞ A.Ş.,unknown,2026-05-31 17:00:00+03:00,,1.6,chunk_0084.json,POST /v1/generation/data/dpp-bulk,2026-05-31 21:42:51.235000+00:00,5015092,LÜM_SAATLİK_ULUDAĞ_RÜZGAR,10953,2026-05-31T17:00:00+03:00,17:00
40X0000000109533,K3 ULUDAĞ PERAKENDE ELEKTRİK SATIŞ A.Ş.,unknown,2026-05-31 18:00:00+03:00,,1.6,chunk_0084.json,POST /v1/generation/data/dpp-bulk,2026-05-31 21:42:51.235000+00:00,5015092,LÜM_SAATLİK_ULUDAĞ_RÜZGAR,10953,2026-05-31T18:00:00+03:00,18:00
40X0000000109533,K3 ULUDAĞ PERAKENDE ELEKTRİK SATIŞ A.Ş.,unknown,2026-05-31 19:00:00+03:00,,1.4,chunk_0084.json,POST /v1/generation/data/dpp-bulk,2026-05-31 21:42:51.235000+00:00,5015092,LÜM_SAATLİK_ULUDAĞ_RÜZGAR,10953,2026-05-31T19:00:00+03:00,19:00
40X0000000109533,K3 ULUDAĞ PERAKENDE ELEKTRİK SATIŞ A.Ş.,unknown,2026-05-31 20:00:00+03:00,,1.4,chunk_0084.json,POST /v1/generation/data/dpp-bulk,2026-05-31 21:42:51.235000+00:00,5015092,LÜM_SAATLİK_ULUDAĞ_RÜZGAR,10953,2026-05-31T20:00:00+03:00,20:00
40X0000000109533,K3 ULUDAĞ PERAKENDE ELEKTRİK SATIŞ A.Ş.,unknown,2026-05-31 21:00:00+03:00,,1.1,chunk_0084.json,POST /v1/generation/data/dpp-bulk,2026-05-31 21:42:51.235000+00:00,5015092,LÜM_SAATLİK_ULUDAĞ_RÜZGAR,10953,2026-05-31T21:00:00+03:00,21:00
40X0000000109533,K3 ULUDAĞ PERAKENDE ELEKTRİK SATIŞ A.Ş.,unknown,2026-05-31 22:00:00+03:00,,1.1,chunk_0084.json,POST /v1/generation/data/dpp-bulk,2026-05-31 21:42:51.235000+00:00,5015092,LÜM_SAATLİK_ULUDAĞ_RÜZGAR,10953,2026-05-31T22:00:00+03:00,22:00
40X0000000109533,K3 ULUDAĞ PERAKENDE ELEKTRİK SATIŞ A.Ş.,unknown,2026-05-31 23:00:00+03:00,,1.0,chunk_0084.json,POST /v1/generation/data/dpp-bulk,2026-05-31 21:42:51.235000+00:00,5015092,LÜM_SAATLİK_ULUDAĞ_RÜZGAR,10953,2026-05-31T23:00:00+03:00,23:00
40X100000010955N,K3 YEŞİLIRMAK ELEKTRİK PERAKENDE SATIŞ A.Ş.,unknown,2026-05-31 00:00:00+03:00,,0.5,chunk_0084.json,POST /v1/generation/data/dpp-bulk,2026-05-31 21:42:51.235000+00:00,5015098,LÜM_SAATLİK_YEŞİLIRMAK_HES,10955,2026-05-31T00:00:00+03:00,00:00
40X100000010955N,K3 YEŞİLIRMAK ELEKTRİK PERAKENDE SATIŞ A.Ş.,unknown,2026-05-31 01:00:00+03:00,,0.5,chunk_0084.json,POST /v1/generation/data/dpp-bulk,2026-05-31 21:42:51.235000+00:00,5015098,LÜM_SAATLİK_YEŞİLIRMAK_HES,10955,2026-05-31T01:00:00+03:00,01:00
40X100000010955N,K3 YEŞİLIRMAK ELEKTRİK PERAKENDE SATIŞ A.Ş.,unknown,2026-05-31 02:00:00+03:00,,0.5,chunk_0084.json,POST /v1/generation/data/dpp-bulk,2026-05-31 21:42:51.235000+00:00,5015098,LÜM_SAATLİK_YEŞİLIRMAK_HES,10955,2026-05-31T02:00:00+03:00,02:00
40X100000010955N,K3 YEŞİLIRMAK ELEKTRİK PERAKENDE SATIŞ A.Ş.,unknown,2026-05-31 03:00:00+03:00,,0.5,chunk_0084.json,POST /v1/generation/data/dpp-bulk,2026-05-31 21:42:51.235000+00:00,5015098,LÜM_SAATLİK_YEŞİLIRMAK_HES,10955,2026-05-31T03:00:00+03:00,03:00
40X100000010955N,K3 YEŞİLIRMAK ELEKTRİK PERAKENDE SATIŞ A.Ş.,unknown,2026-05-31 04:00:00+03:00,,0.5,chunk_0084.json,POST /v1/generation/data/dpp-bulk,2026-05-31 21:42:51.235000+00:00,5015098,LÜM_SAATLİK_YEŞİLIRMAK_HES,10955,2026-05-31T04:00:00+03:00,04:00
40X100000010955N,K3 YEŞİLIRMAK ELEKTRİK PERAKENDE SATIŞ A.Ş.,unknown,2026-05-31 05:00:00+03:00,,0.5,chunk_0084.json,POST /v1/generation/data/dpp-bulk,2026-05-31 21:42:51.235000+00:00,5015098,LÜM_SAATLİK_YEŞİLIRMAK_HES,10955,2026-05-31T05:00:00+03:00,05:00
40X100000010955N,K3 YEŞİLIRMAK ELEKTRİK PERAKENDE SATIŞ A.Ş.,unknown,2026-05-31 06:00:00+03:00,,0.5,chunk_0084.json,POST /v1/generation/data/dpp-bulk,2026-05-31 21:42:51.235000+00:00,5015098,LÜM_SAATLİK_YEŞİLIRMAK_HES,10955,2026-05-31T06:00:00+03:00,06:00
40X100000010955N,K3 YEŞİLIRMAK ELEKTRİK PERAKENDE SATIŞ A.Ş.,unknown,2026-05-31 07:00:00+03:00,,0.5,chunk_0084.json,POST /v1/generation/data/dpp-bulk,2026-05-31 21:42:51.235000+00:00,5015098,LÜM_SAATLİK_YEŞİLIRMAK_HES,10955,2026-05-31T07:00:00+03:00,07:00
40X100000010955N,K3 YEŞİLIRMAK ELEKTRİK PERAKENDE SATIŞ A.Ş.,unknown,2026-05-31 08:00:00+03:00,,0.5,chunk_0084.json,POST /v1/generation/data/dpp-bulk,2026-05-31 21:42:51.235000+00:00,5015098,LÜM_SAATLİK_YEŞİLIRMAK_HES,10955,2026-05-31T08:00:00+03:00,08:00
40X100000010955N,K3 YEŞİLIRMAK ELEKTRİK PERAKENDE SATIŞ A.Ş.,unknown,2026-05-31 09:00:00+03:00,,0.5,chunk_0084.json,POST /v1/generation/data/dpp-bulk,2026-05-31 21:42:51.235000+00:00,5015098,LÜM_SAATLİK_YEŞİLIRMAK_HES,10955,2026-05-31T09:00:00+03:00,09:00
40X100000010955N,K3 YEŞİLIRMAK ELEKTRİK PERAKENDE SATIŞ A.Ş.,unknown,2026-05-31 10:00:00+03:00,,0.5,chunk_0084.json,POST /v1/generation/data/dpp-bulk,2026-05-31 21:42:51.235000+00:00,5015098,LÜM_SAATLİK_YEŞİLIRMAK_HES,10955,2026-05-31T10:00:00+03:00,10:00
40X100000010955N,K3 YEŞİLIRMAK ELEKTRİK PERAKENDE SATIŞ A.Ş.,unknown,2026-05-31 11:00:00+03:00,,0.5,chunk_0084.json,POST /v1/generation/data/dpp-bulk,2026-05-31 21:42:51.235000+00:00,5015098,LÜM_SAATLİK_YEŞİLIRMAK_HES,10955,2026-05-31T11:00:00+03:00,11:00
40X100000010955N,K3 YEŞİLIRMAK ELEKTRİK PERAKENDE SATIŞ A.Ş.,unknown,2026-05-31 12:00:00+03:00,,0.5,chunk_0084.json,POST /v1/generation/data/dpp-bulk,2026-05-31 21:42:51.235000+00:00,5015098,LÜM_SAATLİK_YEŞİLIRMAK_HES,10955,2026-05-31T12:00:00+03:00,12:00
40X100000010955N,K3 YEŞİLIRMAK ELEKTRİK PERAKENDE SATIŞ A.Ş.,unknown,2026-05-31 13:00:00+03:00,,0.5,chunk_0084.json,POST /v1/generation/data/dpp-bulk,2026-05-31 21:42:51.235000+00:00,5015098,LÜM_SAATLİK_YEŞİLIRMAK_HES,10955,2026-05-31T13:00:00+03:00,13:00
40X100000010955N,K3 YEŞİLIRMAK ELEKTRİK PERAKENDE SATIŞ A.Ş.,unknown,2026-05-31 14:00:00+03:00,,0.5,chunk_0084.json,POST /v1/generation/data/dpp-bulk,2026-05-31 21:42:51.235000+00:00,5015098,LÜM_SAATLİK_YEŞİLIRMAK_HES,10955,2026-05-31T14:00:00+03:00,14:00
40X100000010955N,K3 YEŞİLIRMAK ELEKTRİK PERAKENDE SATIŞ A.Ş.,unknown,2026-05-31 15:00:00+03:00,,0.5,chunk_0084.json,POST /v1/generation/data/dpp-bulk,2026-05-31 21:42:51.235000+00:00,5015098,LÜM_SAATLİK_YEŞİLIRMAK_HES,10955,2026-05-31T15:00:00+03:00,15:00
40X100000010955N,K3 YEŞİLIRMAK ELEKTRİK PERAKENDE SATIŞ A.Ş.,unknown,2026-05-31 16:00:00+03:00,,0.5,chunk_0084.json,POST /v1/generation/data/dpp-bulk,2026-05-31 21:42:51.235000+00:00,5015098,LÜM_SAATLİK_YEŞİLIRMAK_HES,10955,2026-05-31T16:00:00+03:00,16:00
40X100000010955N,K3 YEŞİLIRMAK ELEKTRİK PERAKENDE SATIŞ A.Ş.,unknown,2026-05-31 17:00:00+03:00,,0.5,chunk_0084.json,POST /v1/generation/data/dpp-bulk,2026-05-31 21:42:51.235000+00:00,5015098,LÜM_SAATLİK_YEŞİLIRMAK_HES,10955,2026-05-31T17:00:00+03:00,17:00
40X100000010955N,K3 YEŞİLIRMAK ELEKTRİK PERAKENDE SATIŞ A.Ş.,unknown,2026-05-31 18:00:00+03:00,,0.5,chunk_0084.json,POST /v1/generation/data/dpp-bulk,2026-05-31 21:42:51.235000+00:00,5015098,LÜM_SAATLİK_YEŞİLIRMAK_HES,10955,2026-05-31T18:00:00+03:00,18:00
40X100000010955N,K3 YEŞİLIRMAK ELEKTRİK PERAKENDE SATIŞ A.Ş.,unknown,2026-05-31 19:00:00+03:00,,0.5,chunk_0084.json,POST /v1/generation/data/dpp-bulk,2026-05-31 21:42:51.235000+00:00,5015098,LÜM_SAATLİK_YEŞİLIRMAK_HES,10955,2026-05-31T19:00:00+03:00,19:00
40X100000010955N,K3 YEŞİLIRMAK ELEKTRİK PERAKENDE SATIŞ A.Ş.,unknown,2026-05-31 20:00:00+03:00,,0.5,chunk_0084.json,POST /v1/generation/data/dpp-bulk,2026-05-31 21:42:51.235000+00:00,5015098,LÜM_SAATLİK_YEŞİLIRMAK_HES,10955,2026-05-31T20:00:00+03:00,20:00
40X100000010955N,K3 YEŞİLIRMAK ELEKTRİK PERAKENDE SATIŞ A.Ş.,unknown,2026-05-31 21:00:00+03:00,,0.5,chunk_0084.json,POST /v1/generation/data/dpp-bulk,2026-05-31 21:42:51.235000+00:00,5015098,LÜM_SAATLİK_YEŞİLIRMAK_HES,10955,2026-05-31T21:00:00+03:00,21:00
40X100000010955N,K3 YEŞİLIRMAK ELEKTRİK PERAKENDE SATIŞ A.Ş.,unknown,2026-05-31 22:00:00+03:00,,0.5,chunk_0084.json,POST /v1/generation/data/dpp-bulk,2026-05-31 21:42:51.235000+00:00,5015098,LÜM_SAATLİK_YEŞİLIRMAK_HES,10955,2026-05-31T22:00:00+03:00,22:00
40X100000010955N,K3 YEŞİLIRMAK ELEKTRİK PERAKENDE SATIŞ A.Ş.,unknown,2026-05-31 23:00:00+03:00,,0.5,chunk_0084.json,POST /v1/generation/data/dpp-bulk,2026-05-31 21:42:51.235000+00:00,5015098,LÜM_SAATLİK_YEŞİLIRMAK_HES,10955,2026-05-31T23:00:00+03:00,23:00
40X000000010959S,K3 TRAKYA ELEKTRİK PERAKENDE SATIŞ ANONİM ŞİRKETİ,unknown,2026-05-31 00:00:00+03:00,,3.6,chunk_0084.json,POST /v1/generation/data/dpp-bulk,2026-05-31 21:42:51.235000+00:00,5015091,LÜM_SAATLİK_TRAKYA_RÜZGAR,10959,2026-05-31T00:00:00+03:00,00:00
40X000000010959S,K3 TRAKYA ELEKTRİK PERAKENDE SATIŞ ANONİM ŞİRKETİ,unknown,2026-05-31 01:00:00+03:00,,3.9,chunk_0084.json,POST /v1/generation/data/dpp-bulk,2026-05-31 21:42:51.235000+00:00,5015091,LÜM_SAATLİK_TRAKYA_RÜZGAR,10959,2026-05-31T01:00:00+03:00,01:00
40X000000010959S,K3 TRAKYA ELEKTRİK PERAKENDE SATIŞ ANONİM ŞİRKETİ,unknown,2026-05-31 02:00:00+03:00,,2.6,chunk_0084.json,POST /v1/generation/data/dpp-bulk,2026-05-31 21:42:51.235000+00:00,5015091,LÜM_SAATLİK_TRAKYA_RÜZGAR,10959,2026-05-31T02:00:00+03:00,02:00
40X000000010959S,K3 TRAKYA ELEKTRİK PERAKENDE SATIŞ ANONİM ŞİRKETİ,unknown,2026-05-31 03:00:00+03:00,,2.2,chunk_0084.json,POST /v1/generation/data/dpp-bulk,2026-05-31 21:42:51.235000+00:00,5015091,LÜM_SAATLİK_TRAKYA_RÜZGAR,10959,2026-05-31T03:00:00+03:00,03:00
40X000000010959S,K3 TRAKYA ELEKTRİK PERAKENDE SATIŞ ANONİM ŞİRKETİ,unknown,2026-05-31 04:00:00+03:00,,2.1,chunk_0084.json,POST /v1/generation/data/dpp-bulk,2026-05-31 21:42:51.235000+00:00,5015091,LÜM_SAATLİK_TRAKYA_RÜZGAR,10959,2026-05-31T04:00:00+03:00,04:00
40X000000010959S,K3 TRAKYA ELEKTRİK PERAKENDE SATIŞ ANONİM ŞİRKETİ,unknown,2026-05-31 05:00:00+03:00,,1.3,chunk_0084.json,POST /v1/generation/data/dpp-bulk,2026-05-31 21:42:51.235000+00:00,5015091,LÜM_SAATLİK_TRAKYA_RÜZGAR,10959,2026-05-31T05:00:00+03:00,05:00
40X000000010959S,K3 TRAKYA ELEKTRİK PERAKENDE SATIŞ ANONİM ŞİRKETİ,unknown,2026-05-31 06:00:00+03:00,,1.0,chunk_0084.json,POST /v1/generation/data/dpp-bulk,2026-05-31 21:42:51.235000+00:00,5015091,LÜM_SAATLİK_TRAKYA_RÜZGAR,10959,2026-05-31T06:00:00+03:00,06:00
40X000000010959S,K3 TRAKYA ELEKTRİK PERAKENDE SATIŞ ANONİM ŞİRKETİ,unknown,2026-05-31 07:00:00+03:00,,1.2,chunk_0084.json,POST /v1/generation/data/dpp-bulk,2026-05-31 21:42:51.235000+00:00,5015091,LÜM_SAATLİK_TRAKYA_RÜZGAR,10959,2026-05-31T07:00:00+03:00,07:00
40X000000010959S,K3 TRAKYA ELEKTRİK PERAKENDE SATIŞ ANONİM ŞİRKETİ,unknown,2026-05-31 08:00:00+03:00,,1.2,chunk_0084.json,POST /v1/generation/data/dpp-bulk,2026-05-31 21:42:51.235000+00:00,5015091,LÜM_SAATLİK_TRAKYA_RÜZGAR,10959,2026-05-31T08:00:00+03:00,08:00
40X000000010959S,K3 TRAKYA ELEKTRİK PERAKENDE SATIŞ ANONİM ŞİRKETİ,unknown,2026-05-31 09:00:00+03:00,,2.1,chunk_0084.json,POST /v1/generation/data/dpp-bulk,2026-05-31 21:42:51.235000+00:00,5015091,LÜM_SAATLİK_TRAKYA_RÜZGAR,10959,2026-05-31T09:00:00+03:00,09:00
40X000000010959S,K3 TRAKYA ELEKTRİK PERAKENDE SATIŞ ANONİM ŞİRKETİ,unknown,2026-05-31 10:00:00+03:00,,3.6,chunk_0084.json,POST /v1/generation/data/dpp-bulk,2026-05-31 21:42:51.235000+00:00,5015091,LÜM_SAATLİK_TRAKYA_RÜZGAR,10959,2026-05-31T10:00:00+03:00,10:00
40X000000010959S,K3 TRAKYA ELEKTRİK PERAKENDE SATIŞ ANONİM ŞİRKETİ,unknown,2026-05-31 11:00:00+03:00,,4.8,chunk_0084.json,POST /v1/generation/data/dpp-bulk,2026-05-31 21:42:51.235000+00:00,5015091,LÜM_SAATLİK_TRAKYA_RÜZGAR,10959,2026-05-31T11:00:00+03:00,11:00
40X000000010959S,K3 TRAKYA ELEKTRİK PERAKENDE SATIŞ ANONİM ŞİRKETİ,unknown,2026-05-31 12:00:00+03:00,,6.5,chunk_0084.json,POST /v1/generation/data/dpp-bulk,2026-05-31 21:42:51.235000+00:00,5015091,LÜM_SAATLİK_TRAKYA_RÜZGAR,10959,2026-05-31T12:00:00+03:00,12:00
40X000000010959S,K3 TRAKYA ELEKTRİK PERAKENDE SATIŞ ANONİM ŞİRKETİ,unknown,2026-05-31 13:00:00+03:00,,7.0,chunk_0084.json,POST /v1/generation/data/dpp-bulk,2026-05-31 21:42:51.235000+00:00,5015091,LÜM_SAATLİK_TRAKYA_RÜZGAR,10959,2026-05-31T13:00:00+03:00,13:00
40X000000010959S,K3 TRAKYA ELEKTRİK PERAKENDE SATIŞ ANONİM ŞİRKETİ,unknown,2026-05-31 14:00:00+03:00,,6.5,chunk_0084.json,POST /v1/generation/data/dpp-bulk,2026-05-31 21:42:51.235000+00:00,5015091,LÜM_SAATLİK_TRAKYA_RÜZGAR,10959,2026-05-31T14:00:00+03:00,14:00
40X000000010959S,K3 TRAKYA ELEKTRİK PERAKENDE SATIŞ ANONİM ŞİRKETİ,unknown,2026-05-31 15:00:00+03:00,,7.9,chunk_0084.json,POST /v1/generation/data/dpp-bulk,2026-05-31 21:42:51.235000+00:00,5015091,LÜM_SAATLİK_TRAKYA_RÜZGAR,10959,2026-05-31T15:00:00+03:00,15:00
40X000000010959S,K3 TRAKYA ELEKTRİK PERAKENDE SATIŞ ANONİM ŞİRKETİ,unknown,2026-05-31 16:00:00+03:00,,9.5,chunk_0084.json,POST /v1/generation/data/dpp-bulk,2026-05-31 21:42:51.235000+00:00,5015091,LÜM_SAATLİK_TRAKYA_RÜZGAR,10959,2026-05-31T16:00:00+03:00,16:00
40X000000010959S,K3 TRAKYA ELEKTRİK PERAKENDE SATIŞ ANONİM ŞİRKETİ,unknown,2026-05-31 17:00:00+03:00,,9.8,chunk_0084.json,POST /v1/generation/data/dpp-bulk,2026-05-31 21:42:51.235000+00:00,5015091,LÜM_SAATLİK_TRAKYA_RÜZGAR,10959,2026-05-31T17:00:00+03:00,17:00
40X000000010959S,K3 TRAKYA ELEKTRİK PERAKENDE SATIŞ ANONİM ŞİRKETİ,unknown,2026-05-31 18:00:00+03:00,,8.2,chunk_0084.json,POST /v1/generation/data/dpp-bulk,2026-05-31 21:42:51.235000+00:00,5015091,LÜM_SAATLİK_TRAKYA_RÜZGAR,10959,2026-05-31T18:00:00+03:00,18:00
40X000000010959S,K3 TRAKYA ELEKTRİK PERAKENDE SATIŞ ANONİM ŞİRKETİ,unknown,2026-05-31 19:00:00+03:00,,3.8,chunk_0084.json,POST /v1/generation/data/dpp-bulk,2026-05-31 21:42:51.235000+00:00,5015091,LÜM_SAATLİK_TRAKYA_RÜZGAR,10959,2026-05-31T19:00:00+03:00,19:00
40X000000010959S,K3 TRAKYA ELEKTRİK PERAKENDE SATIŞ ANONİM ŞİRKETİ,unknown,2026-05-31 20:00:00+03:00,,2.1,chunk_0084.json,POST /v1/generation/data/dpp-bulk,2026-05-31 21:42:51.235000+00:00,5015091,LÜM_SAATLİK_TRAKYA_RÜZGAR,10959,2026-05-31T20:00:00+03:00,20:00
40X000000010959S,K3 TRAKYA ELEKTRİK PERAKENDE SATIŞ ANONİM ŞİRKETİ,unknown,2026-05-31 21:00:00+03:00,,1.8,chunk_0084.json,POST /v1/generation/data/dpp-bulk,2026-05-31 21:42:51.235000+00:00,5015091,LÜM_SAATLİK_TRAKYA_RÜZGAR,10959,2026-05-31T21:00:00+03:00,21:00
40X000000010959S,K3 TRAKYA ELEKTRİK PERAKENDE SATIŞ ANONİM ŞİRKETİ,unknown,2026-05-31 22:00:00+03:00,,3.5,chunk_0084.json,POST /v1/generation/data/dpp-bulk,2026-05-31 21:42:51.235000+00:00,5015091,LÜM_SAATLİK_TRAKYA_RÜZGAR,10959,2026-05-31T22:00:00+03:00,22:00
40X000000010959S,K3 TRAKYA ELEKTRİK PERAKENDE SATIŞ ANONİM ŞİRKETİ,unknown,2026-05-31 23:00:00+03:00,,3.2,chunk_0084.json,POST /v1/generation/data/dpp-bulk,2026-05-31 21:42:51.235000+00:00,5015091,LÜM_SAATLİK_TRAKYA_RÜZGAR,10959,2026-05-31T23:00:00+03:00,23:00
40X000000010959S,K3 TRAKYA ELEKTRİK PERAKENDE SATIŞ ANONİM ŞİRKETİ,unknown,2026-05-31 00:00:00+03:00,,2.1,chunk_0084.json,POST /v1/generation/data/dpp-bulk,2026-05-31 21:42:51.235000+00:00,5015108,LÜM_SAATLİK_TRAKYA_HES,10959,2026-05-31T00:00:00+03:00,00:00
40X000000010959S,K3 TRAKYA ELEKTRİK PERAKENDE SATIŞ ANONİM ŞİRKETİ,unknown,2026-05-31 01:00:00+03:00,,2.1,chunk_0084.json,POST /v1/generation/data/dpp-bulk,2026-05-31 21:42:51.235000+00:00,5015108,LÜM_SAATLİK_TRAKYA_HES,10959,2026-05-31T01:00:00+03:00,01:00
40X000000010959S,K3 TRAKYA ELEKTRİK PERAKENDE SATIŞ ANONİM ŞİRKETİ,unknown,2026-05-31 02:00:00+03:00,,2.1,chunk_0084.json,POST /v1/generation/data/dpp-bulk,2026-05-31 21:42:51.235000+00:00,5015108,LÜM_SAATLİK_TRAKYA_HES,10959,2026-05-31T02:00:00+03:00,02:00
40X000000010959S,K3 TRAKYA ELEKTRİK PERAKENDE SATIŞ ANONİM ŞİRKETİ,unknown,2026-05-31 03:00:00+03:00,,2.1,chunk_0084.json,POST /v1/generation/data/dpp-bulk,2026-05-31 21:42:51.235000+00:00,5015108,LÜM_SAATLİK_TRAKYA_HES,10959,2026-05-31T03:00:00+03:00,03:00
40X000000010959S,K3 TRAKYA ELEKTRİK PERAKENDE SATIŞ ANONİM ŞİRKETİ,unknown,2026-05-31 04:00:00+03:00,,2.1,chunk_0084.json,POST /v1/generation/data/dpp-bulk,2026-05-31 21:42:51.235000+00:00,5015108,LÜM_SAATLİK_TRAKYA_HES,10959,2026-05-31T04:00:00+03:00,04:00
40X000000010959S,K3 TRAKYA ELEKTRİK PERAKENDE SATIŞ ANONİM ŞİRKETİ,unknown,2026-05-31 05:00:00+03:00,,2.1,chunk_0084.json,POST /v1/generation/data/dpp-bulk,2026-05-31 21:42:51.235000+00:00,5015108,LÜM_SAATLİK_TRAKYA_HES,10959,2026-05-31T05:00:00+03:00,05:00
40X000000010959S,K3 TRAKYA ELEKTRİK PERAKENDE SATIŞ ANONİM ŞİRKETİ,unknown,2026-05-31 06:00:00+03:00,,2.1,chunk_0084.json,POST /v1/generation/data/dpp-bulk,2026-05-31 21:42:51.235000+00:00,5015108,LÜM_SAATLİK_TRAKYA_HES,10959,2026-05-31T06:00:00+03:00,06:00
40X000000010959S,K3 TRAKYA ELEKTRİK PERAKENDE SATIŞ ANONİM ŞİRKETİ,unknown,2026-05-31 07:00:00+03:00,,2.1,chunk_0084.json,POST /v1/generation/data/dpp-bulk,2026-05-31 21:42:51.235000+00:00,5015108,LÜM_SAATLİK_TRAKYA_HES,10959,2026-05-31T07:00:00+03:00,07:00
40X000000010959S,K3 TRAKYA ELEKTRİK PERAKENDE SATIŞ ANONİM ŞİRKETİ,unknown,2026-05-31 08:00:00+03:00,,2.1,chunk_0084.json,POST /v1/generation/data/dpp-bulk,2026-05-31 21:42:51.235000+00:00,5015108,LÜM_SAATLİK_TRAKYA_HES,10959,2026-05-31T08:00:00+03:00,08:00
40X000000010959S,K3 TRAKYA ELEKTRİK PERAKENDE SATIŞ ANONİM ŞİRKETİ,unknown,2026-05-31 09:00:00+03:00,,2.1,chunk_0084.json,POST /v1/generation/data/dpp-bulk,2026-05-31 21:42:51.235000+00:00,5015108,LÜM_SAATLİK_TRAKYA_HES,10959,2026-05-31T09:00:00+03:00,09:00
40X000000010959S,K3 TRAKYA ELEKTRİK PERAKENDE SATIŞ ANONİM ŞİRKETİ,unknown,2026-05-31 10:00:00+03:00,,2.1,chunk_0084.json,POST /v1/generation/data/dpp-bulk,2026-05-31 21:42:51.235000+00:00,5015108,LÜM_SAATLİK_TRAKYA_HES,10959,2026-05-31T10:00:00+03:00,10:00
40X000000010959S,K3 TRAKYA ELEKTRİK PERAKENDE SATIŞ ANONİM ŞİRKETİ,unknown,2026-05-31 11:00:00+03:00,,2.1,chunk_0084.json,POST /v1/generation/data/dpp-bulk,2026-05-31 21:42:51.235000+00:00,5015108,LÜM_SAATLİK_TRAKYA_HES,10959,2026-05-31T11:00:00+03:00,11:00
40X000000010959S,K3 TRAKYA ELEKTRİK PERAKENDE SATIŞ ANONİM ŞİRKETİ,unknown,2026-05-31 12:00:00+03:00,,2.1,chunk_0084.json,POST /v1/generation/data/dpp-bulk,2026-05-31 21:42:51.235000+00:00,5015108,LÜM_SAATLİK_TRAKYA_HES,10959,2026-05-31T12:00:00+03:00,12:00
40X000000010959S,K3 TRAKYA ELEKTRİK PERAKENDE SATIŞ ANONİM ŞİRKETİ,unknown,2026-05-31 13:00:00+03:00,,2.1,chunk_0084.json,POST /v1/generation/data/dpp-bulk,2026-05-31 21:42:51.235000+00:00,5015108,LÜM_SAATLİK_TRAKYA_HES,10959,2026-05-31T13:00:00+03:00,13:00
40X000000010959S,K3 TRAKYA ELEKTRİK PERAKENDE SATIŞ ANONİM ŞİRKETİ,unknown,2026-05-31 14:00:00+03:00,,2.1,chunk_0084.json,POST /v1/generation/data/dpp-bulk,2026-05-31 21:42:51.235000+00:00,5015108,LÜM_SAATLİK_TRAKYA_HES,10959,2026-05-31T14:00:00+03:00,14:00
40X000000010959S,K3 TRAKYA ELEKTRİK PERAKENDE SATIŞ ANONİM ŞİRKETİ,unknown,2026-05-31 15:00:00+03:00,,2.1,chunk_0084.json,POST /v1/generation/data/dpp-bulk,2026-05-31 21:42:51.235000+00:00,5015108,LÜM_SAATLİK_TRAKYA_HES,10959,2026-05-31T15:00:00+03:00,15:00
40X000000010959S,K3 TRAKYA ELEKTRİK PERAKENDE SATIŞ ANONİM ŞİRKETİ,unknown,2026-05-31 16:00:00+03:00,,2.1,chunk_0084.json,POST /v1/generation/data/dpp-bulk,2026-05-31 21:42:51.235000+00:00,5015108,LÜM_SAATLİK_TRAKYA_HES,10959,2026-05-31T16:00:00+03:00,16:00
40X000000010959S,K3 TRAKYA ELEKTRİK PERAKENDE SATIŞ ANONİM ŞİRKETİ,unknown,2026-05-31 17:00:00+03:00,,2.1,chunk_0084.json,POST /v1/generation/data/dpp-bulk,2026-05-31 21:42:51.235000+00:00,5015108,LÜM_SAATLİK_TRAKYA_HES,10959,2026-05-31T17:00:00+03:00,17:00
40X000000010959S,K3 TRAKYA ELEKTRİK PERAKENDE SATIŞ ANONİM ŞİRKETİ,unknown,2026-05-31 18:00:00+03:00,,2.1,chunk_0084.json,POST /v1/generation/data/dpp-bulk,2026-05-31 21:42:51.235000+00:00,5015108,LÜM_SAATLİK_TRAKYA_HES,10959,2026-05-31T18:00:00+03:00,18:00
40X000000010959S,K3 TRAKYA ELEKTRİK PERAKENDE SATIŞ ANONİM ŞİRKETİ,unknown,2026-05-31 19:00:00+03:00,,2.1,chunk_0084.json,POST /v1/generation/data/dpp-bulk,2026-05-31 21:42:51.235000+00:00,5015108,LÜM_SAATLİK_TRAKYA_HES,10959,2026-05-31T19:00:00+03:00,19:00
40X000000010959S,K3 TRAKYA ELEKTRİK PERAKENDE SATIŞ ANONİM ŞİRKETİ,unknown,2026-05-31 20:00:00+03:00,,2.1,chunk_0084.json,POST /v1/generation/data/dpp-bulk,2026-05-31 21:42:51.235000+00:00,5015108,LÜM_SAATLİK_TRAKYA_HES,10959,2026-05-31T20:00:00+03:00,20:00
40X000000010959S,K3 TRAKYA ELEKTRİK PERAKENDE SATIŞ ANONİM ŞİRKETİ,unknown,2026-05-31 21:00:00+03:00,,2.1,chunk_0084.json,POST /v1/generation/data/dpp-bulk,2026-05-31 21:42:51.235000+00:00,5015108,LÜM_SAATLİK_TRAKYA_HES,10959,2026-05-31T21:00:00+03:00,21:00
40X000000010959S,K3 TRAKYA ELEKTRİK PERAKENDE SATIŞ ANONİM ŞİRKETİ,unknown,2026-05-31 22:00:00+03:00,,2.1,chunk_0084.json,POST /v1/generation/data/dpp-bulk,2026-05-31 21:42:51.235000+00:00,5015108,LÜM_SAATLİK_TRAKYA_HES,10959,2026-05-31T22:00:00+03:00,22:00
40X000000010959S,K3 TRAKYA ELEKTRİK PERAKENDE SATIŞ ANONİM ŞİRKETİ,unknown,2026-05-31 23:00:00+03:00,,2.1,chunk_0084.json,POST /v1/generation/data/dpp-bulk,2026-05-31 21:42:51.235000+00:00,5015108,LÜM_SAATLİK_TRAKYA_HES,10959,2026-05-31T23:00:00+03:00,23:00
40X000000105542Z,AYEK ENERJİ ÜRETİM İNŞAAT A.Ş.,unknown,2026-05-31 00:00:00+03:00,,0.0,chunk_0084.json,POST /v1/generation/data/dpp-bulk,2026-05-31 21:42:51.235000+00:00,5015161,ÇAYHAN 1 REG. VE HES,105542,2026-05-31T00:00:00+03:00,00:00
40X000000105542Z,AYEK ENERJİ ÜRETİM İNŞAAT A.Ş.,unknown,2026-05-31 01:00:00+03:00,,0.0,chunk_0084.json,POST /v1/generation/data/dpp-bulk,2026-05-31 21:42:51.235000+00:00,5015161,ÇAYHAN 1 REG. VE HES,105542,2026-05-31T01:00:00+03:00,01:00
40X000000105542Z,AYEK ENERJİ ÜRETİM İNŞAAT A.Ş.,unknown,2026-05-31 02:00:00+03:00,,0.0,chunk_0084.json,POST /v1/generation/data/dpp-bulk,2026-05-31 21:42:51.235000+00:00,5015161,ÇAYHAN 1 REG. VE HES,105542,2026-05-31T02:00:00+03:00,02:00
40X000000105542Z,AYEK ENERJİ ÜRETİM İNŞAAT A.Ş.,unknown,2026-05-31 03:00:00+03:00,,0.0,chunk_0084.json,POST /v1/generation/data/dpp-bulk,2026-05-31 21:42:51.235000+00:00,5015161,ÇAYHAN 1 REG. VE HES,105542,2026-05-31T03:00:00+03:00,03:00
40X000000105542Z,AYEK ENERJİ ÜRETİM İNŞAAT A.Ş.,unknown,2026-05-31 04:00:00+03:00,,0.0,chunk_0084.json,POST /v1/generation/data/dpp-bulk,2026-05-31 21:42:51.235000+00:00,5015161,ÇAYHAN 1 REG. VE HES,105542,2026-05-31T04:00:00+03:00,04:00
40X000000105542Z,AYEK ENERJİ ÜRETİM İNŞAAT A.Ş.,unknown,2026-05-31 05:00:00+03:00,,0.0,chunk_0084.json,POST /v1/generation/data/dpp-bulk,2026-05-31 21:42:51.235000+00:00,5015161,ÇAYHAN 1 REG. VE HES,105542,2026-05-31T05:00:00+03:00,05:00
40X000000105542Z,AYEK ENERJİ ÜRETİM İNŞAAT A.Ş.,unknown,2026-05-31 06:00:00+03:00,,0.0,chunk_0084.json,POST /v1/generation/data/dpp-bulk,2026-05-31 21:42:51.235000+00:00,5015161,ÇAYHAN 1 REG. VE HES,105542,2026-05-31T06:00:00+03:00,06:00
40X000000105542Z,AYEK ENERJİ ÜRETİM İNŞAAT A.Ş.,unknown,2026-05-31 07:00:00+03:00,,0.0,chunk_0084.json,POST /v1/generation/data/dpp-bulk,2026-05-31 21:42:51.235000+00:00,5015161,ÇAYHAN 1 REG. VE HES,105542,2026-05-31T07:00:00+03:00,07:00
40X000000105542Z,AYEK ENERJİ ÜRETİM İNŞAAT A.Ş.,unknown,2026-05-31 08:00:00+03:00,,0.0,chunk_0084.json,POST /v1/generation/data/dpp-bulk,2026-05-31 21:42:51.235000+00:00,5015161,ÇAYHAN 1 REG. VE HES,105542,2026-05-31T08:00:00+03:00,08:00
40X000000105542Z,AYEK ENERJİ ÜRETİM İNŞAAT A.Ş.,unknown,2026-05-31 09:00:00+03:00,,0.0,chunk_0084.json,POST /v1/generation/data/dpp-bulk,2026-05-31 21:42:51.235000+00:00,5015161,ÇAYHAN 1 REG. VE HES,105542,2026-05-31T09:00:00+03:00,09:00
40X000000105542Z,AYEK ENERJİ ÜRETİM İNŞAAT A.Ş.,unknown,2026-05-31 10:00:00+03:00,,0.0,chunk_0084.json,POST /v1/generation/data/dpp-bulk,2026-05-31 21:42:51.235000+00:00,5015161,ÇAYHAN 1 REG. VE HES,105542,2026-05-31T10:00:00+03:00,10:00
40X000000105542Z,AYEK ENERJİ ÜRETİM İNŞAAT A.Ş.,unknown,2026-05-31 11:00:00+03:00,,0.0,chunk_0084.json,POST /v1/generation/data/dpp-bulk,2026-05-31 21:42:51.235000+00:00,5015161,ÇAYHAN 1 REG. VE HES,105542,2026-05-31T11:00:00+03:00,11:00
40X000000105542Z,AYEK ENERJİ ÜRETİM İNŞAAT A.Ş.,unknown,2026-05-31 12:00:00+03:00,,0.0,chunk_0084.json,POST /v1/generation/data/dpp-bulk,2026-05-31 21:42:51.235000+00:00,5015161,ÇAYHAN 1 REG. VE HES,105542,2026-05-31T12:00:00+03:00,12:00
40X000000105542Z,AYEK ENERJİ ÜRETİM İNŞAAT A.Ş.,unknown,2026-05-31 13:00:00+03:00,,0.0,chunk_0084.json,POST /v1/generation/data/dpp-bulk,2026-05-31 21:42:51.235000+00:00,5015161,ÇAYHAN 1 REG. VE HES,105542,2026-05-31T13:00:00+03:00,13:00
40X000000105542Z,AYEK ENERJİ ÜRETİM İNŞAAT A.Ş.,unknown,2026-05-31 14:00:00+03:00,,0.0,chunk_0084.json,POST /v1/generation/data/dpp-bulk,2026-05-31 21:42:51.235000+00:00,5015161,ÇAYHAN 1 REG. VE HES,105542,2026-05-31T14:00:00+03:00,14:00
40X000000105542Z,AYEK ENERJİ ÜRETİM İNŞAAT A.Ş.,unknown,2026-05-31 15:00:00+03:00,,0.0,chunk_0084.json,POST /v1/generation/data/dpp-bulk,2026-05-31 21:42:51.235000+00:00,5015161,ÇAYHAN 1 REG. VE HES,105542,2026-05-31T15:00:00+03:00,15:00
40X000000105542Z,AYEK ENERJİ ÜRETİM İNŞAAT A.Ş.,unknown,2026-05-31 16:00:00+03:00,,0.0,chunk_0084.json,POST /v1/generation/data/dpp-bulk,2026-05-31 21:42:51.235000+00:00,5015161,ÇAYHAN 1 REG. VE HES,105542,2026-05-31T16:00:00+03:00,16:00
40X000000105542Z,AYEK ENERJİ ÜRETİM İNŞAAT A.Ş.,unknown,2026-05-31 17:00:00+03:00,,0.0,chunk_0084.json,POST /v1/generation/data/dpp-bulk,2026-05-31 21:42:51.235000+00:00,5015161,ÇAYHAN 1 REG. VE HES,105542,2026-05-31T17:00:00+03:00,17:00
40X000000105542Z,AYEK ENERJİ ÜRETİM İNŞAAT A.Ş.,unknown,2026-05-31 18:00:00+03:00,,0.0,chunk_0084.json,POST /v1/generation/data/dpp-bulk,2026-05-31 21:42:51.235000+00:00,5015161,ÇAYHAN 1 REG. VE HES,105542,2026-05-31T18:00:00+03:00,18:00
40X000000105542Z,AYEK ENERJİ ÜRETİM İNŞAAT A.Ş.,unknown,2026-05-31 19:00:00+03:00,,1.8,chunk_0084.json,POST /v1/generation/data/dpp-bulk,2026-05-31 21:42:51.235000+00:00,5015161,ÇAYHAN 1 REG. VE HES,105542,2026-05-31T19:00:00+03:00,19:00
40X000000105542Z,AYEK ENERJİ ÜRETİM İNŞAAT A.Ş.,unknown,2026-05-31 20:00:00+03:00,,1.8,chunk_0084.json,POST /v1/generation/data/dpp-bulk,2026-05-31 21:42:51.235000+00:00,5015161,ÇAYHAN 1 REG. VE HES,105542,2026-05-31T20:00:00+03:00,20:00
40X000000105542Z,AYEK ENERJİ ÜRETİM İNŞAAT A.Ş.,unknown,2026-05-31 21:00:00+03:00,,1.8,chunk_0084.json,POST /v1/generation/data/dpp-bulk,2026-05-31 21:42:51.235000+00:00,5015161,ÇAYHAN 1 REG. VE HES,105542,2026-05-31T21:00:00+03:00,21:00
40X000000105542Z,AYEK ENERJİ ÜRETİM İNŞAAT A.Ş.,unknown,2026-05-31 22:00:00+03:00,,1.8,chunk_0084.json,POST /v1/generation/data/dpp-bulk,2026-05-31 21:42:51.235000+00:00,5015161,ÇAYHAN 1 REG. VE HES,105542,2026-05-31T22:00:00+03:00,22:00
40X000000105542Z,AYEK ENERJİ ÜRETİM İNŞAAT A.Ş.,unknown,2026-05-31 23:00:00+03:00,,0.0,chunk_0084.json,POST /v1/generation/data/dpp-bulk,2026-05-31 21:42:51.235000+00:00,5015161,ÇAYHAN 1 REG. VE HES,105542,2026-05-31T23:00:00+03:00,23:00
40X0000001056026,AKSA YENİLENEBİLİR ENERJİ ÜRETİM A.Ş. ( ÜRETİM ),unknown,2026-05-31 00:00:00+03:00,,0.0,chunk_0084.json,POST /v1/generation/data/dpp-bulk,2026-05-31 21:42:51.235000+00:00,5015164,PAMUK GES,105602,2026-05-31T00:00:00+03:00,00:00
40X0000001056026,AKSA YENİLENEBİLİR ENERJİ ÜRETİM A.Ş. ( ÜRETİM ),unknown,2026-05-31 01:00:00+03:00,,0.0,chunk_0084.json,POST /v1/generation/data/dpp-bulk,2026-05-31 21:42:51.235000+00:00,5015164,PAMUK GES,105602,2026-05-31T01:00:00+03:00,01:00
40X0000001056026,AKSA YENİLENEBİLİR ENERJİ ÜRETİM A.Ş. ( ÜRETİM ),unknown,2026-05-31 02:00:00+03:00,,0.0,chunk_0084.json,POST /v1/generation/data/dpp-bulk,2026-05-31 21:42:51.235000+00:00,5015164,PAMUK GES,105602,2026-05-31T02:00:00+03:00,02:00
40X0000001056026,AKSA YENİLENEBİLİR ENERJİ ÜRETİM A.Ş. ( ÜRETİM ),unknown,2026-05-31 03:00:00+03:00,,0.0,chunk_0084.json,POST /v1/generation/data/dpp-bulk,2026-05-31 21:42:51.235000+00:00,5015164,PAMUK GES,105602,2026-05-31T03:00:00+03:00,03:00
40X0000001056026,AKSA YENİLENEBİLİR ENERJİ ÜRETİM A.Ş. ( ÜRETİM ),unknown,2026-05-31 04:00:00+03:00,,0.0,chunk_0084.json,POST /v1/generation/data/dpp-bulk,2026-05-31 21:42:51.235000+00:00,5015164,PAMUK GES,105602,2026-05-31T04:00:00+03:00,04:00
40X0000001056026,AKSA YENİLENEBİLİR ENERJİ ÜRETİM A.Ş. ( ÜRETİM ),unknown,2026-05-31 05:00:00+03:00,,0.0,chunk_0084.json,POST /v1/generation/data/dpp-bulk,2026-05-31 21:42:51.235000+00:00,5015164,PAMUK GES,105602,2026-05-31T05:00:00+03:00,05:00
40X0000001056026,AKSA YENİLENEBİLİR ENERJİ ÜRETİM A.Ş. ( ÜRETİM ),unknown,2026-05-31 06:00:00+03:00,,0.0,chunk_0084.json,POST /v1/generation/data/dpp-bulk,2026-05-31 21:42:51.235000+00:00,5015164,PAMUK GES,105602,2026-05-31T06:00:00+03:00,06:00
40X0000001056026,AKSA YENİLENEBİLİR ENERJİ ÜRETİM A.Ş. ( ÜRETİM ),unknown,2026-05-31 07:00:00+03:00,,0.0,chunk_0084.json,POST /v1/generation/data/dpp-bulk,2026-05-31 21:42:51.235000+00:00,5015164,PAMUK GES,105602,2026-05-31T07:00:00+03:00,07:00
40X0000001056026,AKSA YENİLENEBİLİR ENERJİ ÜRETİM A.Ş. ( ÜRETİM ),unknown,2026-05-31 08:00:00+03:00,,0.0,chunk_0084.json,POST /v1/generation/data/dpp-bulk,2026-05-31 21:42:51.235000+00:00,5015164,PAMUK GES,105602,2026-05-31T08:00:00+03:00,08:00
40X0000001056026,AKSA YENİLENEBİLİR ENERJİ ÜRETİM A.Ş. ( ÜRETİM ),unknown,2026-05-31 09:00:00+03:00,,0.0,chunk_0084.json,POST /v1/generation/data/dpp-bulk,2026-05-31 21:42:51.235000+00:00,5015164,PAMUK GES,105602,2026-05-31T09:00:00+03:00,09:00
40X0000001056026,AKSA YENİLENEBİLİR ENERJİ ÜRETİM A.Ş. ( ÜRETİM ),unknown,2026-05-31 10:00:00+03:00,,0.0,chunk_0084.json,POST /v1/generation/data/dpp-bulk,2026-05-31 21:42:51.235000+00:00,5015164,PAMUK GES,105602,2026-05-31T10:00:00+03:00,10:00
40X0000001056026,AKSA YENİLENEBİLİR ENERJİ ÜRETİM A.Ş. ( ÜRETİM ),unknown,2026-05-31 11:00:00+03:00,,0.0,chunk_0084.json,POST /v1/generation/data/dpp-bulk,2026-05-31 21:42:51.235000+00:00,5015164,PAMUK GES,105602,2026-05-31T11:00:00+03:00,11:00
40X0000001056026,AKSA YENİLENEBİLİR ENERJİ ÜRETİM A.Ş. ( ÜRETİM ),unknown,2026-05-31 12:00:00+03:00,,0.0,chunk_0084.json,POST /v1/generation/data/dpp-bulk,2026-05-31 21:42:51.235000+00:00,5015164,PAMUK GES,105602,2026-05-31T12:00:00+03:00,12:00
40X0000001056026,AKSA YENİLENEBİLİR ENERJİ ÜRETİM A.Ş. ( ÜRETİM ),unknown,2026-05-31 13:00:00+03:00,,0.0,chunk_0084.json,POST /v1/generation/data/dpp-bulk,2026-05-31 21:42:51.235000+00:00,5015164,PAMUK GES,105602,2026-05-31T13:00:00+03:00,13:00
40X0000001056026,AKSA YENİLENEBİLİR ENERJİ ÜRETİM A.Ş. ( ÜRETİM ),unknown,2026-05-31 14:00:00+03:00,,0.0,chunk_0084.json,POST /v1/generation/data/dpp-bulk,2026-05-31 21:42:51.235000+00:00,5015164,PAMUK GES,105602,2026-05-31T14:00:00+03:00,14:00
40X0000001056026,AKSA YENİLENEBİLİR ENERJİ ÜRETİM A.Ş. ( ÜRETİM ),unknown,2026-05-31 15:00:00+03:00,,0.0,chunk_0084.json,POST /v1/generation/data/dpp-bulk,2026-05-31 21:42:51.235000+00:00,5015164,PAMUK GES,105602,2026-05-31T15:00:00+03:00,15:00
40X0000001056026,AKSA YENİLENEBİLİR ENERJİ ÜRETİM A.Ş. ( ÜRETİM ),unknown,2026-05-31 16:00:00+03:00,,0.0,chunk_0084.json,POST /v1/generation/data/dpp-bulk,2026-05-31 21:42:51.235000+00:00,5015164,PAMUK GES,105602,2026-05-31T16:00:00+03:00,16:00
40X0000001056026,AKSA YENİLENEBİLİR ENERJİ ÜRETİM A.Ş. ( ÜRETİM ),unknown,2026-05-31 17:00:00+03:00,,0.0,chunk_0084.json,POST /v1/generation/data/dpp-bulk,2026-05-31 21:42:51.235000+00:00,5015164,PAMUK GES,105602,2026-05-31T17:00:00+03:00,17:00
40X0000001056026,AKSA YENİLENEBİLİR ENERJİ ÜRETİM A.Ş. ( ÜRETİM ),unknown,2026-05-31 18:00:00+03:00,,0.0,chunk_0084.json,POST /v1/generation/data/dpp-bulk,2026-05-31 21:42:51.235000+00:00,5015164,PAMUK GES,105602,2026-05-31T18:00:00+03:00,18:00
40X0000001056026,AKSA YENİLENEBİLİR ENERJİ ÜRETİM A.Ş. ( ÜRETİM ),unknown,2026-05-31 19:00:00+03:00,,0.0,chunk_0084.json,POST /v1/generation/data/dpp-bulk,2026-05-31 21:42:51.235000+00:00,5015164,PAMUK GES,105602,2026-05-31T19:00:00+03:00,19:00
40X0000001056026,AKSA YENİLENEBİLİR ENERJİ ÜRETİM A.Ş. ( ÜRETİM ),unknown,2026-05-31 20:00:00+03:00,,0.0,chunk_0084.json,POST /v1/generation/data/dpp-bulk,2026-05-31 21:42:51.235000+00:00,5015164,PAMUK GES,105602,2026-05-31T20:00:00+03:00,20:00
40X0000001056026,AKSA YENİLENEBİLİR ENERJİ ÜRETİM A.Ş. ( ÜRETİM ),unknown,2026-05-31 21:00:00+03:00,,0.0,chunk_0084.json,POST /v1/generation/data/dpp-bulk,2026-05-31 21:42:51.235000+00:00,5015164,PAMUK GES,105602,2026-05-31T21:00:00+03:00,21:00
40X0000001056026,AKSA YENİLENEBİLİR ENERJİ ÜRETİM A.Ş. ( ÜRETİM ),unknown,2026-05-31 22:00:00+03:00,,0.0,chunk_0084.json,POST /v1/generation/data/dpp-bulk,2026-05-31 21:42:51.235000+00:00,5015164,PAMUK GES,105602,2026-05-31T22:00:00+03:00,22:00
40X0000001056026,AKSA YENİLENEBİLİR ENERJİ ÜRETİM A.Ş. ( ÜRETİM ),unknown,2026-05-31 23:00:00+03:00,,0.0,chunk_0084.json,POST /v1/generation/data/dpp-bulk,2026-05-31 21:42:51.235000+00:00,5015164,PAMUK GES,105602,2026-05-31T23:00:00+03:00,23:00
